pair_id,open_date,open_base_id,open_base_market,open_base_side,open_base_price,open_base_size,open_base_amount,open_quote_id,open_quote_market,open_quote_side,open_quote_price,open_quote_size,open_quote_amount,open_z_score
36b5f1e3-e25,2023-03-18T15:38:54.857065,7d7e16e466356dc7346b387a2969baa365a32157edeec9c94c75e44d3131ddb,ZRX-USD,BUY,0.243,1000.0,243.0,710a7fc51f299d985227764ec4720b28553f7901ba49f94842c0bd24b98ecf6,COMP-USD,SELL,47.3,5.27,-249.27,-1.615823678
77c7f18e-961,2023-04-09T08:11:44.286804,192684b7d48b10b3e38fc376563e4c41edf2b0bf12497fbb528e8843a16390d,BCH-USD,SELL,123.3,2.02,-249.066,498d6ffc43e269a05d8e4a24ac6727d6641a46360de25db44e1d54fc9662779,XLM-USD,BUY,0.1038,2400.0,249.12,2.012733212
cd59a379-a94,2023-04-09T08:12:36.687946,5a79208ae6bf17f02930c5b4941045478f38d0a2709ceddf8d20279cc825035,CELO-USD,SELL,0.677,300.0,-203.1,603d0e8c36767b25af192d653498a694f13f2fdca6b2e2a9aac192ec0e5dede,ZRX-USD,BUY,0.272,900.0,244.8,1.767605851
f062f04a-c7c,2023-04-09T08:14:10.329637,05b1ce7f610f6b3e0c069f5c08d09b8324543fc79612cb7fcd71d360fc96ac7,SUSHI-USD,BUY,1.079,200.0,215.8,1bb982e53fc5430624b34c932cf82b54e4f41f8ac1affd66c6ebec0cda2f797,ADA-USD,SELL,0.384,600.0,-230.4,-1.607409906
bab67e33-071,2023-04-09T14:08:46.361478,23063e24251e7ceff7cf0f5bed4781d078a9b65c0fe6045370b75a23c2eefa5,FIL-USD,BUY,5.71,43.9,250.669,6ea47f7850b3139aae7da2b4971da3b98eec099137578fdbefa2de46897b8d1,SUSHI-USD,SELL,1.088,200.0,-217.6,-1.566442916
b598e88e-437,2023-04-09T14:32:48.302249,1b393a63078a65f1ff446b90ac2a3a8dc816a40d28b562a30f1c900316f71f0,XTZ-USD,BUY,1.083,200.0,216.6,0172d929e1f4600ebaf2d8fee4b5783a14d8502199296a07f6981a7241ce6bb,COMP-USD,SELL,41.8,5.97,-249.546,-1.830053788
39e000f7-fc1,2023-04-09T14:39:01.468966,4a9f7c1b552b00250a8b74deb73161b0730ac2dad0baa0c7e35ea18fe31bc16,MATIC-USD,BUY,1.0919,200.0,218.38,4a5d139d29f1aa0a84cc978b0c48daa31a4795d2b2b4887914fd0b6a5b12cf7,1INCH-USD,SELL,0.522,400.0,-208.8,-2.079397405
6e2c0673-632,2023-04-10T17:02:38.364414,3705bfaa3735ce56955459573ef4eaf7e205f9b838d10bd45bee9c42f7a52d0,NEAR-USD,BUY,2.022,124.0,250.728,033559e9ada172c0e3d0284a3bb1704e568c4766d1c929511734be96b097c02,UNI-USD,SELL,5.947,41.9,-249.1793,-1.5538726091292858
9c941f29-c20,2023-04-10T19:08:00.836607,692c3eb9da5cbeb339295d621e8c74fc8f518d11170648fdd45b09e611a14bb,YFI-USD,BUY,8656.0,0.029,251.024,5db1be17635d22d05dfec57e36ff1f39131758975247c2db82082875514dada,1INCH-USD,SELL,0.539,400.0,-215.6,-1.543995998505564
18de35a6-dd1,2023-04-11T01:46:57.629565,765472933a8fed67a68184b56e51774f5550173b35bbd88aa906ccbfdd81b6b,COMP-USD,SELL,43.5,5.73,-249.255,27e2b4520610650ed03af48c44c3baa441b8dea072282014d6db6aa0b21c0d2,MATIC-USD,BUY,1.1195,200.0,223.9,1.5598842291176889
1d469ff0-55e,2023-04-11T03:47:38.493338,05b07b2ea7dd5375d008bc928f86a26bcc98f7a84a84f65a2abc27157ff2fef,CELO-USD,BUY,0.688,300.0,206.4,475643427c168838efae861c21f00753e21b429ce1de3d10eaf58898b32c9fa,ADA-USD,SELL,0.399,600.0,-239.4,-2.042485395345385
1a748617-cae,2023-04-11T06:59:35.199208,29ac9af24ca5495f32268344087b8119287ff2ca000f7974dcc056832046330,AVAX-USD,SELL,18.19,13.7,-249.203,358aed4d4e9f7fb61869b1d7e72a216d7b2802fa449890f58da20d558e265d3,ETH-USD,BUY,1928.1,0.13,250.653,1.528063631102108
49f16007-ee5,2023-04-11T07:33:19.782514,21416fa84b409959a3144348e3f21fe86f2f33bc9596c0fe8280066481bad85,UMA-USD,BUY,2.14,117.4,251.236,4c16774d508ca3a00a1511b0bf73acffff9b9a5fec9f5edd5ae08bf6e0d72e4,LTC-USD,SELL,96.6,2.58,-249.228,-1.559969093296391
1fc1ea69-b0f,2023-04-11T08:02:30.147921,41fa7c12fc2a21007a355798b00daa68be0670502cf754be497ee4df09b363e,NEAR-USD,SELL,2.092,119.2,-249.36640000000003,3272e0baed4c6da6d0b2a7363fd87582b61cce8a95d057d9fe00fa909ad7b6e,ALGO-USD,BUY,0.2235,1100.0,245.85,2.398450698166614
46afd602-c78,2023-04-11T08:08:03.627701,721bb1187babbb7de8d5c13e5c6186b62e54eafb41970b6bb582aedab06ef31,XTZ-USD,BUY,1.128,200.0,225.6,32b5f478388c3f9b3a48d278e5d6b31715d63aacc2c507b48a6f1c5b3c7a89c,SOL-USD,SELL,22.374,11.1,-248.3514,-1.75913106615034
5d8a7c4c-12e,2023-04-11T08:28:41.952668,7004b6823910c87ae5b27a7a164cb16fe6b0e74c9c9c7b0a75ff47b05205a71,SUSHI-USD,BUY,1.148,200.0,229.6,3a44189356f7034ac6aadc3e49e27c4520da2063785823e5316cfde490f61c6,CRV-USD,SELL,1.0358,240.0,-248.592,-1.6936180809962298
ae6a287d-e41,2023-04-11T15:01:41.313799,38af0fe50628ac8e8fa27719945a9ff5bd5356b9fbaa654e296c194db5bd9f2,YFI-USD,SELL,9110.0,0.0274,-249.614,206ea0087317393fac8c22b59f63674497a8aa72a3e4b27f15d191beeeb61c0,1INCH-USD,BUY,0.547,400.0,218.8,2.213516678179281
4851eabd-7f3,2023-04-12T02:00:55.054019,5fe44da8afdd1e5652eb7af129de18c8ece799b5a563c0eecf8a71821e7b674,TRX-USD,BUY,0.0643,3900.0,250.77,784ee1f3e9752dd29ce2a658432086e9db64822c2327fae1ff462a376d7d0ef,EOS-USD,SELL,1.216,200.0,-243.2,-3.2984665718925767
a5d383a1-0c6,2023-04-12T10:01:32.000982,6ebe401214eb8dabca0cd3a91cc88b6e5695217ea469c2d849049fef7b6cb06,COMP-USD,BUY,42.7,5.87,250.64900000000003,527e742fb11cc4c70458d2ecb3f597d0e15074cfb5db1579214e5d907310c9d,UMA-USD,SELL,2.08,119.6,-248.768,-1.9683228469561032
733151f5-899,2023-04-12T13:01:13.539973,295a11336760c091c6eba555fc87b5866ffac3f8e3cb086f3070346abb5e2d1,EOS-USD,BUY,1.216,200.0,243.2,44c9080af31f4ba842860c439f1fd0374e428c46fe66af1d9d8ecedd42e3bb6,SUSHI-USD,SELL,1.12,200.0,-224.00000000000003,-2.6986253006520293
f837c448-deb,2023-04-12T13:02:49.419357,20d60bac96de5f3c78f38a3fa82055d7e4e2a63f51f3fc053d63fbdd3e04639,LTC-USD,BUY,92.8,2.7,250.56,53b30381d59dbfa9957a3e1fd2532df1a2cb72d9b1b08c2489f809f77627c38,UNI-USD,SELL,5.887,42.3,-249.0201,-1.5530128349635923
048f9241-7c0,2023-04-15T00:58:43.080695,12900588f95f52b9fcbd0770fbd2f0aeca1e9bc6ba7f178d313f7714cab8a9b,AVAX-USD,SELL,19.12,13.0,-248.56,5f0f1860e9fe7ceb6928a07a3ef58eba62d983e117c9b0d71130cb026be5e2e,ETH-USD,BUY,2097.2,0.12,251.664,2.6907685759932827
931b613b-380,2023-04-15T01:45:23.941389,6463b0277be3890d31f16046e417f7ca795de913a48887f3ffdaa84388c0be8,COMP-USD,SELL,44.5,5.61,-249.645,27620369907dde942aa111b5d1a211ac8c06b5de59ebcce8789320f10e941c1,MATIC-USD,BUY,1.1534,200.0,230.68,1.6416331960571096
0220a43c-513,2023-04-15T17:24:51.459033,281b3c38f15c90928b7bc6b0f018954f219081fea9613a4929cd42502608bb3,FIL-USD,SELL,6.29,39.6,-249.084,5f39e6004c3b0fddc9265e1bc97e1e8ed5d816ba2625b4ec23a11f71d23b40c,YFI-USD,BUY,9246.0,0.0271,250.5666,1.6566077091799376
c9844ed9-a4c,2023-04-15T18:34:11.939967,0d04aa05fe6fd69d00d47d597d855be4fbca9f8b7b890f36c3c27cd6302038f,COMP-USD,SELL,45.5,5.48,-249.34000000000003,5291d33f4ca7913fd77ce9221fecb0e3525d1356714db86626b7248588bcde4,AVAX-USD,BUY,19.2,13.1,251.52,2.279647492265805
c164a38f-5d6,2023-04-16T08:25:07.720006,148a4a2b07ed8b0eeb805ea32d80022f4c5ed7d764131691ceef3c9c31d8870,COMP-USD,SELL,45.6,5.47,-249.432,756c337f40502a6bc027612510d03d0e6e2a4706be4cc1238786e195ec2503b,MATIC-USD,BUY,1.1693,200.0,233.86,1.7960527292681605
99fcd526-6b5,2023-04-16T09:41:38.780140,13d436496f6a2017ddee95afbc9fec266cf2ad869e6c558ea1c3849761124c8,AVAX-USD,SELL,19.28,12.9,-248.712,5d51ad690d8e3bec025048d65da96727fe8bb13358a15ff9cc28a0919141628,ETH-USD,BUY,2102.6,0.119,250.2094,1.761297352101597
6aeb6279-b06,2023-04-16T14:32:00.004945,753af7daeee11ae3a348045ef53f8846d01ebbb2e503d07ec7ed5d4729cac16,LTC-USD,SELL,97.9,2.55,-249.645,3d7239d9a009f7ad65582cc8ea5aad3928dda83e8a33e20765a69f865a94410,AVAX-USD,BUY,19.16,13.1,250.996,1.901857802982234
64f98887-355,2023-04-16T20:08:02.211010,5f8841fa39d88e8c9745c7eccc4a18b10b7eb1f43723a49d0171dc00433512f,UMA-USD,BUY,2.13,235.8,502.254,6c2f367299bfddcc6eab0b2b73844b9d98b13cc8a74797aa88fbe7d45237f71,1INCH-USD,SELL,0.571,800.0,-456.8,-1.763117068891694
c968185a-94e,2023-04-16T23:34:46.420423,36df7ec99fa4b1b3fd9f0f15dc1f1e6deb543a6a9aeefca217cdd0d65b5a9d7,BCH-USD,BUY,135.5,3.7,501.35,7cebf93eead5923750ae4d1d381d8de3e4d82781f74638b34b964c2977c51b0,AVAX-USD,SELL,20.15,24.7,-497.7049999999999,-1.7330386297923377
fb1d1013-f19,2023-04-17T00:38:51.703799,2c596e8eaba164f4b3d93e45ff36270563e362a7040d9596eca2cda76dcd535,UNI-USD,BUY,6.248,80.8,504.8384,64769d4493e5af1618182edeb8a1ee3cf3440fc4fdc146f5d9db2c9bc2f665c,MATIC-USD,SELL,1.1634,400.0,-465.36,-2.062233666674001
bafe21a8-af7,2023-04-17T02:53:57.012152,6de3c6a06c8a643a03a8adeb313d2abd749d9c7d236f6928922a575c34b4dfb,SNX-USD,SELL,2.807,100.0,-280.7,6035bd5cb1410ca52e392111547979bdc2f4ddb36463a746405686d50007efb,DOGE-USD,BUY,0.0903,5500.0,496.65,2.0606591806504224
b5298b16-2da,2023-04-17T03:04:45.378896,5aa7dbebce91ed7452268e9ef955f2577a6050d4a069d50befd0b927ab2e2de,FIL-USD,BUY,6.29,80.3,505.087,2abf6d74afcc128569d4698434917a087603e8185280566f3f1aa0dea1d9fda,ETH-USD,SELL,2082.2,0.238,-495.5636,-1.5994737643023025
b655bccd-6ea,2023-04-17T09:54:41.121371,2222bdf22f5cdf0f386f9db496f020d64dc0cbfb3b35aa472a144c0b0df78cd,SNX-USD,BUY,2.775,100.0,277.5,00ae5fecaff9821dfcb7dc5fcbee35aa74ee329011e53f9d60f7fc6ce6dc848,DOGE-USD,SELL,0.0929,5300.0,-492.37,-2.3818031421357437
77f28840-d9e,2023-04-17T12:02:43.905616,168d99a1cc66be928c1fc854353393ebeb6c2178cca92b37b20f84d717f18e1,XLM-USD,SELL,0.1045,4700.0,-491.15,37cbdf2c1cf0e7e307210ec2261555b7a82d5e2e3a6d0899cd9e0906f0c8767,1INCH-USD,BUY,0.56,900.0,504.00000000000006,2.2091485376328888
6cf4dfc4-dd8,2023-04-17T13:53:34.415813,24ac4d3b9282c2bdce696c1a286508b035a77dc4d1d62cc9e703db5fb33840e,COMP-USD,BUY,45.2,11.16,504.432,21a66ff09fa61051bdffbca186acfd7e311de6947e6fcaa6b8a7c0e7e04d478,LTC-USD,SELL,98.1,5.05,-495.405,-1.7153665649599956
29ec341d-fa0,2023-04-17T23:16:44.789216,0f4e1bda4b867789bfd5dda8c961fbf031f63057e186bcfea02c42039416e83,YFI-USD,BUY,9025.0,0.056,505.4,46ebfafb2da5382195e9ff5279c0ee52eb964917c6ba28dbdbf382a85001a15,UMA-USD,SELL,2.08,238.1,-495.248,-2.130943322743965
ce8f0a40-422,2023-04-18T12:54:18.994492,0682ec9d02092b868411bf6c3928864a63b1b5fbeae86959b43bfcc75ab3a57,SNX-USD,SELL,2.927,100.0,-292.7,270962bdba758c4fde19e70309c18db6e49d81d12f4b773f354024213bde9e9,DOGE-USD,BUY,0.0941,5300.0,498.73,1.5844688162343576
248fc847-bb3,2023-04-18T13:24:21.439178,4620764bfd7172eb171fd1cd4c863e2567e131c544c2d7d355ecc04c4fb057b,UNI-USD,SELL,6.251,79.2,-495.07920000000007,09f82c45ccfd35282581041ac394422952523c374431e92688514ae57cb6828,MATIC-USD,BUY,1.1838,400.0,473.52,1.8421988393989324
458ba499-a21,2023-04-18T15:44:21.598776,68d6c075bfa6fd58d5f9b7d54fb7d39b88c80226977212633123688520ef741,ZRX-USD,BUY,0.3,1600.0,480.0,5199e19220c60a2e17e7de34aff42b1e9381a8a3b695e4011bce5048c50158b,DOGE-USD,SELL,0.0936,5200.0,-486.72,-2.3151573048003447
63fa4aa5-460,2023-04-19T07:22:22.949112,6e333426e997b3ffa13b9e95418f003cf31861ed1550487f51861c1290040b4,ENJ-USD,BUY,0.449,561,251.889,6acf98964cfd68531782d9ad49a7a282487835634ba892d5feb723f96c626c8,DOGE-USD,SELL,0.0922,2600,-239.72,-1.6443011844980013
57b0720a-c9d,2023-04-19T10:05:14.473464,25341be9623a6d820dcc6edaa83c576018f80b6f3a1b84601c9207d1501cba0,TRX-USD,SELL,0.0649,3810,-247.269,082ea660a787792bab840e84636f2735ba2837d8adf5e75d3718f81b6578b57,MATIC-USD,BUY,1.1180,200,223.60000000000002,2.5094282363887945
bddea7b8-b2c,2023-04-20T03:27:50.064280,3d4592d9eacecc6f07feecc30ad2922c038753536698e1f727d4c5b01c7173f,ZRX-USD,SELL,0.273,900,-245.70000000000002,123cf1fe51a668a25c694bc37f2b8159442090aea135573e50eed6e1eeadef1,UNI-USD,BUY,5.827,43.3,252.30909999999997,2.4228705398807566
898dff6b-de5,2023-04-20T17:04:18.647209,5f39ca2eae08936c03618f5f27ede8fc851307aed6f3ed4f03cd244e7086682,RUNE-USD,BUY,1.511,100,151.1,1ad43ddc00e848179ede8ead56d2e78623f7dd7ea428a346389b98dea1dcc39,CRV-USD,SELL,0.9348,264,-246.78719999999998,-1.9350031585110572
dcb30d01-df4,2023-04-20T17:11:40.303029,48d85b9635e6819cb2752318e0ba7424425e16c7406b3f1f2e96771d11aa3b4,ZRX-USD,BUY,0.269,900,242.10000000000002,55e9d9c23b1cb5072f88799501165a483ce0b3cd7cdb161b2271fb2adf5f71b,XLM-USD,SELL,0.0943,2600,-245.17999999999998,-2.279150614044223
287fde1c-869,2023-04-21T11:38:58.179819,7a3d6833d38a99ed6082bde5151bba1be98014dbbc87956112afd46ec82ed61,SUSHI-USD,BUY,1.071,400.0,428.4,508a3907a1e0241603f4d5791ace0577a9635d543898cfea3719c5f89ad24bf,1INCH-USD,SELL,0.508,900,-457.2,-1.5077601503673546
fc7195a0-283,2023-04-21T17:58:57.982207,30f8ae35c2631d9b9583047c22ca8477688576d5e02b3ce3f52a5446e9d37fa,UNI-USD,BUY,5.694,88.7,505.0578,62c8a2f74d683109337ecb6032bb59ea2102bf4e7bd1724797eb970cb7902ee,MATIC-USD,SELL,1.0223,400,-408.92,-1.9626568645062523
59a5bf07-2a9,2023-04-22T16:21:14.433312,7eda45703a70ed10ca59bd0be7828245bf9c3beeb484698fd6985ec584778f7,CELO-USD,SELL,0.610,800,-488.0,21dc19ec3cd334089893b4a3a73da70546c9c5d7fbc6a0be344f851a215b04a,SUSHI-USD,BUY,1.053,400.0,421.2,2.1893714290047086
0c9fb478-25b,2023-04-22T19:37:05.389949,51e22496bff116b7e23f6f6e820c53396c6c2fb6c2806794ed7fbcd642c0fd4,UMA-USD,BUY,1.96,257.7,505.092,4e22b29f66827d1a038a8102a9c482796f9ad7b24d14814681a37d4516bff41,1INCH-USD,SELL,0.498,900,-448.2,-1.600947031993669
27c61b91-139,2023-04-22T22:10:48.074347,138c66c26bc1bc6a7e6aa2db839ba40606809c16418ff9a77158fe8176aaacb,NEAR-USD,BUY,1.945,259.6,504.9220000000001,677adcef80f7ce037649e32f8394179aad367b3f57312a1b1c4feba5833f83d,ETH-USD,SELL,1857.2,0.267,-495.8724,-1.8398291247119078
b6541657-66d,2023-04-23T10:49:19.589277,339639cfc1748e0163d8edf89a96910659a675081eb279b9b7d65adcb5a0095,BCH-USD,BUY,122.5,4.12,504.7,17a25854e8e8351c330a2bbe3a0c07d70ca01ec8b10c14ea194b1d7689b64d7,COMP-USD,SELL,39.6,12.50,-495.0,-1.5654710812616819
36b513b9-c1e,2023-04-23T13:08:58.703410,0a9bc144dc3ad4b7f5e2cb8b994f490ae9af39e333426de98926e08f0fb669a,CELO-USD,SELL,0.610,800,-488.0,2fe3b959c118a9bf5594e1260a67c2c3c5986561f0606cc8d1a735190c4ee08,ALGO-USD,BUY,0.1894,2600,492.44000000000005,2.049086608485045
3c6989b0-1de,2023-04-23T18:23:22.926492,0a96b4ab3c0c027b071170447af7987d7eec8b2757005b0081a1f64852a0e7f,SUSHI-USD,BUY,1.037,400.0,414.79999999999995,05ba22018190eb832306556fbbafd917ef1f771b59f804fe42c13adc7496672,LTC-USD,SELL,84.4,5.86,-494.58400000000006,-1.6201256990542778
e0796878-c81,2023-04-24T10:40:10.008310,7535e6c95a09c9ceb3ea9f21e52d03412d9c409f5266c9f06ff0a58ef0c0878,ENJ-USD,BUY,0.390,1295,505.05,2e916754fb0f13d6ef67f561fa9949dffe77c09026bfdf7dd92d7695c8404a9,DOGE-USD,SELL,0.0782,6300,-492.66,-1.824297697080049
b37d7f0b-83a,2023-04-25T22:03:54.442780,34c1aa5381e039863e929c00e91b7c385741799a253769d3508cd24f8d7807b,ADA-USD,SELL,0.389,1200,-466.8,28d61cc7d397d6a59d04f836774dc22f305fb033cbc8bdb5ffef7039eba1065,ETH-USD,BUY,1891.7,0.267,505.0839,1.6645671121093253
50c417e6-007,2023-04-25T22:06:01.848476,62e0168ce6abdd6e82074afd49845e787ae5044a46f5e2fbeeca8005b85d984,DOGE-USD,BUY,0.0808,6200,500.96,637d103d65e55693cd85bf358539a55836b3c9af98d1c8f7ea01644bf8d8352,AVAX-USD,SELL,17.51,28.3,-495.5330000000001,-1.7834896656028085
5028734b-1ef,2023-04-26T08:28:05.179754,4fb14e9a908a1e0d5bd1d37bbc94a352f04b180dc144ae69165186f7afe7b6d,XTZ-USD,BUY,1.022,400,408.8,180d798d5d17766905382956b268b5ba2eadfe80fc49d017584a6d1ffd8834e,ENJ-USD,SELL,0.393,1259,-494.78700000000003,-1.6188220296813407
8b960915-d24,2023-04-26T19:23:18.718397,3642e779b77eacfced744e729c53c1af30a1a78e885da23fc439fb1c759b019,NEAR-USD,BUY,1.988,254.1,505.1508,672f5502ca9e23504d9c927604bc6888d063a453e0a8c86f4b93a3513da408d,DOGE-USD,SELL,0.0809,6100,-493.49,-1.6838619797029084
5f087b99-516,2023-04-27T04:35:32.275962,33282e3892b5ff594e4652c42f66b86b48a6181cd5276c0b9a30d5f900a9158,XTZ-USD,SELL,1.015,400,-405.99999999999994,26586c0e95bece662ddedbab99faaf4e6b552f94137409fde689779194d76a0,UMA-USD,BUY,1.91,264.6,505.386,1.6516683278282274
187a0753-625,2023-04-28T08:07:04.548166,688e54cdccd6e99eb12b17738c433f7500160f18a59799641b0e0aabb4f204e,ENJ-USD,BUY,0.401,1259,504.85900000000004,1ee6a537b4261075aa601fe0246b332cf3b3cbe26bef42039e9499e1c7684a0,1INCH-USD,SELL,0.484,1000,-484.0,-1.5834188408841696
6647ff8e-bdd,2023-04-30T09:00:25.031856,7c642a1aa441487a0e6156475d86eb4ed62782bd8506ffe9d1cf49e5354ffdb,UMA-USD,BUY,1.97,256.4,505.10799999999995,7f30d11256abebf7432465472d685818aa48cc0edd9ed5699b54714e9d8e0e3,UNI-USD,SELL,5.556,89.1,-495.03959999999995,-1.8996317618244551
9a241e5a-d09,2023-04-30T09:02:29.562187,0454736c9e52cea1b57de25fbc6a988787b7634d65f5f75a9726dcfbf971d35,MATIC-USD,SELL,0.9921,400,-396.84,220daabc9cf5fcc1e2aa064433f2fb9b5ddc55a641c9c8aea584605e00cc85f,1INCH-USD,BUY,0.483,1000,483.0,2.297844180946596
0a6b140e-906,2023-04-30T09:48:08.728750,613007d99e5c321580ec272ca5bdc024ee168677e86068fe0d5bde837b2463a,XTZ-USD,SELL,1.007,400,-402.79999999999995,4649ebad2a4b4c7b39ecc4413b5ac29440d5e0e2a615a81cc152b63ce9964fb,ENJ-USD,BUY,0.396,1275,504.90000000000003,1.5754681929344478
34bb1bd1-31c,2023-05-19T13:24:13.848553,2fb7e0c3c8072acbd88f73ff99108849e90f54e9832fafdb7e762ff39937355,RUNE-USD,BUY,1.178,400,471.2,50f0f3e3bd2e0d3aeb844f3bc4fc244b744dc3f4e4d74bc0af678b183976736,YFI-USD,SELL,6632,0.0746,-494.7472,-1.952595923220845
b2adec6c-d60,2023-05-19T14:52:51.404785,5f743abe0c3d34229cbe2fbdfde56e16bfa530f8a207baa75a1784fecc342f3,BCH-USD,SELL,114.1,4.34,-495.19399999999996,3e57c83e028cf006b89054ea5981a4d2be20aedb177a37606fdfb9b26e56fae,XLM-USD,BUY,0.0897,5600,502.32,2.1666276368642072
7e0b49fe-5b1,2023-05-19T15:21:28.393823,60b1bbef1cc9bb43f26d84c81de9a348e3369ae177823373269510bd29f413b,XTZ-USD,BUY,0.904,500,452.0,2fbaf249fe89dd2967e3db6d6aad0c3ac61a9423de6b2e6ed7f978f17fde4d9,NEAR-USD,SELL,1.663,297.6,-494.90880000000004,-2.0468256782091574
03dc7bb9-db8,2023-05-19T15:28:52.342416,7f5971bdaf647d87e6fd721b88340867c1b8e229a137375ae38407b903c1001,ADA-USD,BUY,0.377,1300,490.1,6aaa722a4245d2eb1e0abd6c013a8d3e270bfba2be0d6ba12130ffaaf618bb9,UNI-USD,SELL,5.303,93.3,-494.7699,-2.0296351242397246
f6f8da3e-08d,2023-05-19T15:33:31.774259,48c57438cfc99de22ac57c61f7af6b4b3c3ea334f63a2fd95b45a9058361252,CELO-USD,BUY,0.535,900,481.5,3a78355b839ced88e8caeba4c2c816177ed4e5ad042a041ca123bbf16d6e314,ALGO-USD,SELL,0.1643,3000,-492.9,-1.9320829337444652
5e431a2d-e35,2023-05-19T15:46:49.303181,0e00e47f73d560d7b572d26c090b2666d6cc3ee1bbdfd5f2b804e735bec2ecd,COMP-USD,SELL,35.3,14.01,-494.55299999999994,439350b22a6301a1f4c3d6246609fa99e4e959dba01667d084277febbeda321,EOS-USD,BUY,0.890,500,445.0,1.9363525817597442
eaed74ac-65f,2023-05-19T19:23:46.278492,414f5dee0b158f3e3ac693a859665a019ace99de1f3565c42abdcc537848231,ENJ-USD,BUY,0.348,1449,504.25199999999995,3f83a3c89b189fca479dff47a22d9ad136b4a4dcb5c4021364d8262c53d3c13,ZRX-USD,SELL,0.226,2100,-474.6,-2.683573927058342
3f71133c-202,2023-05-19T23:06:23.254414,05f5947f62a25247c007de79e06f018710e5c2950b05a966fbc8c9b27fb5383,SUSHI-USD,BUY,0.909,500.0,454.5,14f82f1402948feed706cc335993ff9f05d9423c716157d16b82f9cdbb62977,CRV-USD,SELL,0.8230,601,-494.623,-2.171277938168262
0cd8fa74-869,2023-05-20T09:34:40.312054,45b03981c3c1911f80c74c9f2806207a44b8e954c2d94a66c48fb17ddbe0eb3,XTZ-USD,BUY,0.898,500,449.0,6cf7f210c10572d9fcbc6aa12f56304bc5a70e0118c0f6d9c8fe828ced218bf,FIL-USD,SELL,4.44,111.6,-495.504,-1.992718603835397
721e98a5-fc1,2023-05-20T09:41:37.573962,032e87cb15a97abc297d6c0b3b904c15a1ebc0e03d1ae451cf5473cb45f8919,CELO-USD,BUY,0.534,900,480.6,55e5a26f1ba3eb7b9a168dca3aa1462a84f4dafa2425f379f47e6d94d836e79,ALGO-USD,SELL,0.1639,3000,-491.7,-2.115884612201291
5734a3e1-1a2,2023-05-20T15:26:57.702426,027cc8ccd6d91ef80454488de2e7a2fba594c032c7a383c2e917a7a6ba13e1e,NEAR-USD,BUY,1.674,301.8,505.2132,615703ad1dc364f713f511aa58d8f3db2ab32f14d4a0c043e81cb3b12e3ba06,MATIC-USD,SELL,0.8622,500,-431.09999999999997,-1.9563218775280151
79cfea38-e84,2023-05-21T11:12:18.594292,541d98d8877289c59489fcc78ad87b4d2a29df86816de683a84f031e2d8af94,SOL-USD,SELL,20.057,24.7,-495.4078999999999,4f02f34286d28730322ae07515d49e9fa18838aadd02a54c110a5adb336d0be,1INCH-USD,BUY,0.402,1200,482.40000000000003,3.1239937376899287
74498cc1-853,2023-05-22T13:26:11.919255,71e78709c10217dd14d3c8b2bc77072c927a27945360c77212d0200ae81de02,ZRX-USD,BUY,0.222,2200,488.40000000000003,642dd20b09f0dd69d218472d3861b0f0e8d5f06cf4938fdb6d8eaee81eca068,DOGE-USD,SELL,0.0725,6800,-492.99999999999994,-2.103912256543654
38340137-16e,2023-05-22T20:22:46.909867,54dcfaeb4eb55c2d579b209656bd4ed955e30e357ca74c6a910d48c56699aa5,XTZ-USD,BUY,0.907,500,453.5,6ec973c9dc442467b2c038d5aafe692eaeed036bef17bec7a4f4dc63aff8771,COMP-USD,SELL,35.0,14.12,-494.2,-3.782069837625779
9f9e725b-688,2023-05-23T19:13:31.095289,3865093d2c4ddc1a2e055f94baafe3adbdd7976ad5cd1b1ae4817b4c92b3268,1INCH-USD,SELL,0.398,1200,-477.6,487b16bc5410ce41eb51185048134f4c43651119b5172230a8e3a6ff4997385,AVAX-USD,BUY,14.78,34.2,505.476,2.2281307680820657
908681f4-f17,2023-05-24T03:12:33.138957,58a53fb713b5aafda8f1f1b38d2b5279ff064daa96b5e76ca73982f8c48b89e,ZRX-USD,SELL,0.223,2200,-490.6,0f4fae7f41572ba95de050a3350553a19efe0dd483a1d177f4ee2890c6788fd,DOGE-USD,BUY,0.0733,6800,498.44000000000005,2.2166740801054314
45fde1f1-910,2023-05-24T04:28:39.528084,7d4bd820cdb98795835cbc9e8af16ca9df54d0819bd1a709c3d44127aa11d99,XLM-USD,SELL,0.0866,5700,-493.62,291d858acc1d0e422749497f88de59d3f96d7aca9e3febc6deb98848d6578e4,ALGO-USD,BUY,0.1600,3100,496.0,2.8170368533214094
bc28b4f2-422,2023-05-24T15:10:36.033699,3aed2f8bce50fbeae09e18ab8bf12a2e15a1c91b75be00d3d7d59009bd527b4,ADA-USD,SELL,0.359,1300,-466.7,6105b68c477c64b872084881f42b3cc1f5e0c27aec2d0524a1e5510930fae97,ETH-USD,BUY,1801.9,0.280,504.5320000000001,1.9268510004567811
e96528c6-50c,2023-05-24T15:28:14.190323,5c8e8b7592c1008d638f8ad5b2e04f9a215090482db41b17d8a41520cbc7041,CELO-USD,SELL,0.497,900,-447.3,7d8464e3548a3f579042e26592019ed34ec011bf645baf9f93e4b5521b2cce5,ENJ-USD,BUY,0.326,1547,504.322,2.1410116923767872
ed01aa08-202,2023-05-25T01:31:44.195825,5bfde00ecd34c88f78918e403be9fbd5f795d7ab08ffa078986e86f8aab9109,ICP-USD,BUY,4.75,100.0,475.0,78ea90f60ade1c38fbb13566bcc011f0f808a318ded0283fd97f1982285c76d,UMA-USD,SELL,1.94,255.1,-494.89399999999995,-2.035597588709295
38da647c-a05,2023-05-25T15:34:07.449955,4ab7eb508cb9b45c1b1eeba19b8433fa4c4e6643943ac14a8eeb4fbd7cc5857,ENJ-USD,SELL,0.325,1524,-495.3,3345f6eeee8be34d7483735466a6b455cee73682c2f722b82977dc0ab09c7e6,ZRX-USD,BUY,0.218,2300,501.4,2.092518666241174
8a2cc828-3a7,2023-05-25T19:14:07.838285,29303ee2280537794f9a4534007e8cda53fa56d8b0e4d9c0c563586bf72fe22,ADA-USD,BUY,0.363,1300,471.9,08c370a8226f63b8cc73d6c7b3ddd2db3dfdbaba46f9116811196224471d602,ETH-USD,SELL,1797.7,0.275,-494.36750000000006,-2.114438250257249
1895d3f5-527,2023-05-25T19:47:17.566298,1b8a5c049127fdc0ed1451b5ecb28f03b3566a1e833bc2d48393678bd564419,RUNE-USD,SELL,1.111,400,-444.4,529c85e35d8a0ceb53c44ef9a0cb8ca83d2da66786ddd18e2235d186206f7c7,YFI-USD,BUY,6401,0.0789,505.0389,1.9803854254542888
5f817826-588,2023-05-25T22:22:56.377257,51f864c39872aea08f60100f599b87cba29a94c11ff270065ae271f1a3403ea,XTZ-USD,SELL,0.861,500,-430.5,22b7117ecba54617f7464b84b739d6325dd70cdc29cfa80e132bfcf29891e6d,COMP-USD,BUY,34.3,14.71,504.553,2.882471262145312
3a0b9c06-907,2023-05-26T23:49:01.540237,721fb7396e4509090a880e0431d9097146f7f0417f3d713d8e7e7bda9beeb58,1INCH-USD,BUY,0.399,1200,478.8,7ce7457afd1155a99011f64943786209fce32c2dd94858302b09bc8dbac0354,AVAX-USD,SELL,14.22,34.8,-494.856,-1.9461713767223536
7ca5bcda-e76,2023-05-27T09:35:18.361780,32403f81dabeaefbf48aae27836e18b2ec876d4045763d95d3225a915ae96ab,ENJ-USD,BUY,0.333,1515,504.495,7705473260c2d073e1a4786cbcaf9c5473fb381d771c7cbaa8aba5005e7a3d3,DOGE-USD,SELL,0.0707,7000,-494.9,-3.050904729543161
fcffd25f-47e,2023-05-27T13:44:37.254051,61201fe5bd623b39417dd36015604642fbfcfd9741416b41bc1c1ad71cfc18d,BCH-USD,BUY,114.3,4.42,505.20599999999996,40ef0a322a3740b230032ca0a9d89c54452bd0505d899e1f9d6eb57722a2bd0,SOL-USD,SELL,19.404,25.5,-494.802,-2.0708213950757233
76f10ba2-9b9,2023-05-27T14:02:28.455960,091cdee31caf4d15c5138db60ab6b036d4d00c6678d3dbee1cb1add706ac14e,RUNE-USD,SELL,1.127,400,-450.8,22dcfb3d8295ec422ff087d244a2d0a025a728c11af1e77389a3fac06231dd3,EOS-USD,BUY,0.882,500,441.0,1.9104176941755655
ec281e41-4a3,2023-05-27T14:56:18.941200,1e0ab5937f3cecca2213eb6c9ad58dbe8c814db5f756d3697ed07ff6d41771a,XTZ-USD,SELL,0.878,500,-439.0,3f855e40b06d896f9eb26ce96a4649aa14bbca93cd8ffe8fa42a5ffcd18610d,FIL-USD,BUY,4.48,112.6,504.44800000000004,2.1382198195912134
ce84dce9-991,2023-05-28T03:27:52.084249,0a85e7c95992a36b85218dea8162f9bd6975aaa5632bd54de703a562c86be0a,ADA-USD,SELL,0.369,1300,-479.7,1ba06f9d11d2575f0fe814a41401045d3d7745007ab03dac67a42f9c2da303c,UNI-USD,BUY,5.094,99.1,504.8154,2.271620267993176
f0665531-29a,2023-05-28T15:36:52.198814,632852d45e452ae041cb7ef5951b05656c54a5e1c402fbe0b9d138fa9e041c4,ENJ-USD,BUY,0.340,1483,504.22,2327d521c892572fdd85e3727556b38038475e373d7de4ed142cde6cd914d60,ZRX-USD,SELL,0.221,2200,-486.2,-2.4539320317206954
65f657a2-ac8,2023-05-29T00:27:46.289249,6bf8e54d8c8efc3ead53db98b4f170e26f3fd029bea5f7ec9fa325fe3b84705,YFI-USD,BUY,6781,0.0745,505.18449999999996,3be84188b98d9561dd94fe8bcb67d55bba3da8420a95401db0ec57cd5b8fb97,UMA-USD,SELL,2.06,240.4,-495.22400000000005,-2.1139248511178312
33922a96-2a4,2023-05-29T08:35:56.481121,1fcc1cb72b74172904377cbe05a8ec1d78548ff4c04a110182ac4a1550a164b,YFI-USD,SELL,6674,0.0742,-495.2108,5c004138ff72020773fb8d0c4991cc473fc970ebd53b99dda7e5f8b8c0df8f0,UMA-USD,BUY,2.07,243.9,504.873,1.9973620465456083
c0158e71-570,2023-05-29T10:56:52.601998,466b64b17395b230265367ab003ecd23c9fc7e605d7db613369260d91217674,XTZ-USD,SELL,0.922,500,-461.0,00336f2b4f3f7f3e5b59ee8c5e2b68792293fa2a381305184f48144e18ee65c,CELO-USD,BUY,0.531,900,477.90000000000003,2.1052635296544615
3a4c1da5-fed,2023-05-30T03:33:44.434208,314acb334c5d41c8764e252135dfd5c98aa5b1df1c29d4d5e3196fe568f7d9b,FIL-USD,BUY,4.68,108.0,505.43999999999994,64c1206c5c2656cfd3b8c20886d14d544fb4640675d2f9e9542ce541ea0822c,ETH-USD,SELL,1888.8,0.262,-494.86560000000003,-2.4816384767974324
abc5261a-759,2023-05-30T04:14:29.863641,564744792aa720deb3c221defc46c9d1a4462f74d1a5ab22c491e184d802bdb,DOGE-USD,BUY,0.0730,6900,503.7,036e27cd676488e3dab57f58223e2d92cf36f6f80feee216b9c0c6e1bfd5b28,LTC-USD,SELL,90.2,5.49,-495.19800000000004,-2.814351814996023
f91c9c2d-f65,2023-06-01T06:59:09.337844,1244df2a79a363cd3226ea9d4ad73c27dabb8458532e4e27387448c2e7ff4ed,COMP-USD,SELL,35.1,14.08,-494.208,4bccc3552d7e55208739b52a24b05c25eead4ad4307026b8e67131cfde4e620,ADA-USD,BUY,0.368,1300,478.4,2.249598538407633
2ffc4c94-326,2023-06-05T03:06:44.397074,558c850d1609f2fd443210e88fd7391b397e68b5678db1e687399d36bee3a5f,ICP-USD,SELL,4.67,100.0,-467.0,715ffaa017ca0ea916e2c967da6c3f6e36a273ad6bc65ea7236e3ac2bd67f46,UMA-USD,BUY,1.94,260.4,505.17599999999993,2.212970571642326
c7550375-8d9,2023-06-07T19:22:54.979261,46da7770443784f5775d5395282b7963df334de617bbf11839466c2bcb72eaa,SNX-USD,BUY,2.152,200.0,430.40000000000003,7dc0b219cddfbcbb58a1b4e8f73581d96b7dbd6ee17000761586b8289441417,CRV-USD,SELL,0.7556,655,-494.918,-2.3631781453732152
ebef3501-de9,2023-06-08T00:22:59.423977,113e73e88a6d726dbf9b41a5ecf2f3e2450009bac9840685b52ec45a89f20e3,RUNE-USD,BUY,1.083,400,433.2,70da633269976116c8e15bcc316d7fb094642be3e01bc93397e6ed6b61474bd,COMP-USD,SELL,32.0,15.48,-495.36,-2.549634248790783
a26f00f2-1dc,2023-06-08T00:44:11.952041,0cb1903812705985bf04f900147156b1cc5c43aa502c091e32c1b894283bf9e,EOS-USD,SELL,0.857,500,-428.5,3be7f8dd5cc515537f8d7b01a49cb33bd28b1756c3edd95f9377cb698ec56a3,SOL-USD,BUY,18.959,26.6,504.30940000000004,2.110717004102934
957740ef-4ba,2023-06-08T02:53:36.461329,1a8ae5d97d373640a7e50e75e5582aeebf1180ce848457e357d51d5410d5427,NEAR-USD,BUY,1.419,355.9,505.02209999999997,549c5584da651e3f756b5fccf6e690b5481633ce503f110da3ee80c7de5a4ec,UNI-USD,SELL,4.526,109.4,-495.1444,-2.403373615509122
8859105f-433,2023-06-08T05:21:45.388614,160f6b599ed85bf69645e308159676951b78c8e73ef0f002107f197c9eb4a5b,XTZ-USD,BUY,0.851,500,425.5,7a1420be758bde860180e5ae760ce44801114e4147ff341e4cec33755b5c1c1,COMP-USD,SELL,31.8,15.58,-495.444,-2.061356201285011
d75eb49b-ffb,2023-06-08T05:23:35.173552,51e5d26a5cd0b8e4b57dfdd1c51533685802202f9cbf25cc4e2e546e5ae2b34,BCH-USD,BUY,112.6,4.48,504.44800000000004,6a7f903906dba1fd8c02967878d5bd4e6d8f16bfdc8a7833cadf4e6d799dff5,DOGE-USD,SELL,0.0675,7300,-492.75000000000006,-2.33955279488301
46c5b92f-526,2023-06-09T02:26:51.089324,606ef0b1f4bd7cac0751467fe6341f590597f532c4439d1318b2b54095e8f3a,ICP-USD,SELL,4.10,100.0,-409.99999999999994,5c3d41408a7eb6fde5cdccd1bde74f9f038ffa581135c86523c303d2c27dfeb,UMA-USD,BUY,1.75,289.0,505.75,2.9594773320507715
0cfb605f-7ca,2023-06-09T02:28:21.303735,4722629914be8d84caf04844c3037b77aa3769a1bf4b92a472a3963e2203323,ZRX-USD,SELL,0.196,2500,-490.0,09c80996f56fb4c7f9e2b61b863df34e59b4f21643af4ce1e726fa0f0fa11b5,YFI-USD,BUY,5946,0.0849,504.8154,2.0360494821547306
258abe19-14f,2023-06-10T04:54:15.476537,7bcbe6a8609e18938eee6387c2760ef0c63336c748465ea817f6c11a7230863,EOS-USD,BUY,0.703,700,492.09999999999997,170493b45bc1af49df148ba1e2ce4a6783aa8635c5d06cb83b80516404655f4,ETH-USD,SELL,1775.2,0.279,-495.28080000000006,-4.179786779071227
e9f8b689-e4d,2023-06-10T06:23:20.316202,15c4d89d2670c6b3c34995109fe1c6ab4b96afe04b3b167d46a8ada6c6e38fb,ALGO-USD,SELL,0.1007,4900,-493.43,4e99898eeb160573970113e644072c7d469cdba2f398fcbb0e0e4c48b263fae,SUSHI-USD,BUY,0.570,800.0,455.99999999999994,2.172138316447285
27e6627f-376,2023-06-10T12:06:35.026885,7fe4707cc26b0a3483ce75223e1fc7ef369dd5ec13067c206c3afb76d0077fa,YFI-USD,SELL,5359,0.0924,-495.17159999999996,126fd6a862e2bd68d1f2386784c0155604f292b3c3bbf0df7b5a535d45a1920,DOGE-USD,BUY,0.0605,8300,502.15,1.9931773412746905
d3302847-0fd,2023-06-10T12:23:09.545426,45b524c95d28913f37c9a2fef262a16ba1654d856d7c0a7c9e9495172d99ca1,ZRX-USD,SELL,0.168,2900,-487.20000000000005,5fe8de25a49534efcf15e12afbe42911d77f09b60c741b4f860faf04692c345,COMP-USD,BUY,26.9,18.80,505.71999999999997,2.4687775505551195
2009ac6a-b54,2023-06-10T13:03:54.265837,22a473d1f8ed15e21450f3cf57d3e4c1204e8d160ff90dbaa6f9e0cbd664825,LINK-USD,BUY,5.047,100.0,504.7,7470a3e7bd2d22bb9ceae7ccaf91ace93b9945b7909a05b8ae760bc6d9fc723,UNI-USD,SELL,3.931,125.9,-494.91290000000004,-1.980867368673032
4f3e1327-34d,2023-06-10T13:42:46.684437,7ea471ea8e925d1bf07bc8175c03c4848debb63e0691be160e225f4bf2de94b,BCH-USD,SELL,100.8,4.91,-494.928,225c66544aa9f5ecbfd9fda7e441136d2de553f75f1091b91626641dd485324,DOGE-USD,BUY,0.0600,8400,504.0,1.9344498349243466
80e0e4bc-eac,2023-06-10T17:10:22.187797,13989c18206d20cf587a718147fad78805d54eb3b197271a57704e157fcafb0,ENJ-USD,BUY,0.245,2057,503.965,15986c5bc12e3ec3e6b255792de9a107057e9226d1d38dc98d225a0906adf86,CRV-USD,SELL,0.6538,757,-494.92660000000006,-2.0067969667658354
10270fcc-125,2023-06-10T17:11:47.494761,14d0ca339f71befb5524ddb892f226072ff57c72398621efebbe75cb19649a3,NEAR-USD,BUY,1.206,418.8,505.0728,5c57c9e7c7f83c15e22a038eafe3eb2b272687036de1519f38decb0507ea40c,ADA-USD,SELL,0.260,1900,-494.0,-1.980460784114034
21ed9798-527,2023-06-10T18:33:22.976087,36eb39c6430d2020253b8bf15bdf11138efb91c387f1637c20667fb1aa12eb7,NEAR-USD,BUY,1.204,419.5,505.078,6721683294ebd67d4e9d9a8493c402191e7c52ead3a557963590ca26c296e0b,ADA-USD,SELL,0.260,1900,-494.0,-1.9211192562766337
984fc3f3-db1,2023-06-10T18:47:33.703636,4ac727864981ac19a22388e275f429cb4d4f68b922053297dec8f6183f0cb5c,SNX-USD,BUY,1.756,200.0,351.2,19e1243edc8005233130f202183db43da58ee877ebb736d92c98c016513ac4e,CRV-USD,SELL,0.6628,746,-494.44879999999995,-1.9383416495329073
aa994388-edf,2023-06-11T04:40:28.443955,6213f9253e9b2c4ad38cd48b97abeb9a8e1741f735ae132c634ccab8d59649d,XTZ-USD,BUY,0.732,600,439.2,6acc764451819a17493837c318f900585bea8f2721a7f645587ba4a8a208dd9,DOGE-USD,SELL,0.0621,7900,-490.59000000000003,-2.2539129649546314
3414533b-ba5,2023-06-11T04:51:20.394051,680275813ca8353824792b08335fb83e8a98f8125c6674221bc155ecf717bbb,XTZ-USD,BUY,0.725,600,435.0,254d257c5cc2102861b81998c82c822ebc22db0d9243999369b6d460da1b9fa,DOGE-USD,SELL,0.0613,8000,-490.4,-1.999753803605794
549a9323-f8e,2023-06-11T06:29:37.194880,1b9bb16053fd516b6ff2315086ce5c915e016ff4216a4193b6ebc60c1b89cca,ICP-USD,BUY,3.72,100.0,372.0,690a523db0183e40ec94d67a94f7d72887b719f73d7ebb5407ebf0cc529c473,UMA-USD,SELL,1.54,320.5,-493.57,-1.946246533889463
33ad5c84-b59,2023-06-11T14:22:59.608959,53446677c427c4513f0233ab3c89ecbc28c910d83eb28a52ab8492e065942e3,ENJ-USD,SELL,0.250,1976,-494.0,435944baa00a9b0cebe56cc88d3c64e112082b36efe4f5dc48481df86089edc,CRV-USD,BUY,0.6760,747,504.97200000000004,2.1979476148093244
147d3e37-5f1,2023-06-11T17:43:00.080466,4c92c7214bd8ec8b4cd1b553932f691cf2b42755193cd266063e2ef232325a1,SNX-USD,SELL,1.776,200.0,-355.2,6a49cfea21d704294ccf20543136f819407f3511e636331354830ef84ccddcb,ICP-USD,BUY,3.74,100.0,374.0,1.926000278460982
ed7add10-656,2023-06-11T18:10:14.070594,2dbf283c5adf2bbbab5f6f9657c0bd32e8e6e57d6c8803bb7f5d3c16d1152c4,NEAR-USD,SELL,1.198,413.2,-495.01359999999994,43e645532447559bd5265be33631808b65f2743f53334a28e2bcbc202870d9c,CRV-USD,BUY,0.6775,745,504.7375,1.9691481303741178
1a645f23-3f7,2023-06-12T05:52:31.511574,73c5a191f37e2d77e66eaf2fc348ba774cae480168305afc5d406299bd30d91,UMA-USD,BUY,1.48,340.1,503.348,3d5275165c00355495d2ded0c377d8d92f7bc1618c59c12cfd6da1a38357636,UNI-USD,SELL,4.014,123.3,-494.9262,-2.1469915307834637
617fd7f0-d0e,2023-06-12T21:51:13.425176,5585998d1d0a3c99ef0bd5fca496a7cfe2247fa6aa77e932fe6d4e82a19f61d,YFI-USD,SELL,5414,0.0914,-494.83959999999996,545ffcc33bf195e0a4c2fda328e4549b3b6c37815df4f71b34990e49bf90e7a,DOT-USD,BUY,4.57,100.0,457.0,1.9996535525528545
58c921f9-756,2023-06-13T07:32:53.149955,22e76321731520bb73494b407b7e058d31bd267fc8b92ae0cf4342219aa67f6,ENJ-USD,SELL,0.258,1915,-494.07,57da08671b61211f5b03820c020180b31bb5706b2fdda274dedefac8ba9d214,ADA-USD,BUY,0.283,1700,481.09999999999997,1.917157485770201
5418a036-ba9,2023-06-13T15:24:03.908692,4b74f150cdaf53f5e2c873bc1d6bcf046adb5efe80badf93f56d8197146bc5e,SUSHI-USD,SELL,0.571,800.0,-456.79999999999995,0c2e06fb9056d5f064c7a487b23e4023dd56aa076a24452d4f87df488d3ede3,MATIC-USD,BUY,0.6440,700,450.8,2.066984310780301
