now_timestamp,created_timestamp,balance,created_date,created_time,order_id,pair_id,pair_status,market,side,type,price,size,fee,amount
2023-04-07 00:33:24.270689,2023-04-05 18:47:18.558,5489.57,05/04/2023,18:47:18,009107db638cb1d70fb6728e1f027f8e99ad32d93bf3dcf60c0ab5e3d4e20e1,,,YFI-USD,SELL,MARKET,8579.0,0.0291,0.0,-249.6489
2023-04-07 00:33:24.270689,2023-04-05 21:45:53.455,5489.57,05/04/2023,21:45:53,07c66f92b91421458082d5e41c3a0bd71ce96439e605b495e3e38ae6de6c365,,,FIL-USD,BUY,MARKET,5.65,44.3,0.0,250.295
2023-04-07 00:33:24.270689,2023-04-05 18:47:46.127,5489.57,05/04/2023,18:47:46,7bfdb1d0a62f41fa929f22acf69d2128e7e3a41728a3e59ccbc1afdfa7d7cf4,,,YFI-USD,BUY,MARKET,8608.0,0.0291,0.0,250.4928
2023-04-07 00:33:24.270689,2023-04-05 21:45:31.910,5489.57,05/04/2023,21:45:31,4562b9b5e4e032d54b207ee1d3f4ceb1087ffb22a42399c17e5d39670573470,,,XTZ-USD,SELL,MARKET,1.128,200.0,0.0,-225.6
2023-04-07 00:33:24.270689,2023-04-06 07:31:24.081,5489.57,06/04/2023,07:31:24,4a95e8102a7a035e1cf73f2fb3567fba34cbc098df6f868f8352f9ca8a1ea95,,,ETH-USD,BUY,MARKET,1890.8,0.132,0.0,249.5856
2023-04-07 00:33:24.270689,2023-04-06 19:58:23.074,5489.57,06/04/2023,19:58:23,4fd5fd2a82cd409e582a8df36a4826f55c7959c9a68b494648be12b6423cc17,,,YFI-USD,SELL,MARKET,8527.0,0.0293,0.0,-249.8411
2023-04-07 00:33:24.270689,2023-04-06 04:29:23.612,5489.57,06/04/2023,04:29:23,505a4f3084a03616466cc2fd9a67cc7101061116bdc1eb03f3b0b77f1024887,,,UMA-USD,BUY,MARKET,2.07,121.4,0.0,251.298
2023-04-07 00:33:24.270689,2023-04-06 09:57:49.952,5489.57,06/04/2023,09:57:49,7f7297a61b38357880e7bc52112f9550e012e07e5dcdf87e70871d0380edc8e,,,COMP-USD,SELL,MARKET,43.0,5.8,0.0,-249.4
2023-04-07 00:33:24.270689,2023-04-06 07:31:03.401,5489.57,06/04/2023,07:31:03,6477f063f0ff6f444c56a827827a86a4d6c69e5fd9a76a530311fd1e65e8b5f,,,EOS-USD,SELL,MARKET,1.195,200.0,0.0,-239.0
2023-04-07 00:33:24.270689,2023-04-06 04:29:44.887,5489.57,06/04/2023,04:29:44,64e9588aae11d9961f5cde5d703d5132f559cd4e6a212bd9ddcc05f5e370143,,,CRV-USD,SELL,MARKET,1.0073,248.0,0.0,-249.8104
2023-04-07 00:33:24.270689,2023-04-06 09:58:11.287,5489.57,06/04/2023,09:58:11,139e2cc707efa0910efc0cb3e180f03d8750293ced9395a496202e3a8ad1c3b,,,NEAR-USD,BUY,MARKET,1.981,126.2,0.0,250.0022
2023-04-07 00:33:24.270689,2023-04-06 00:46:55.194,5489.57,06/04/2023,00:46:55,7281663f0d22eb38032a81698d12001ac33ea7da5c3a50697fbc06426cb039c,,,CELO-USD,BUY,MARKET,0.685,300.0,0.0,205.50000000000003
2023-04-07 00:33:24.270689,2023-04-06 19:58:50.322,5489.57,06/04/2023,19:58:50,44fffffe97a9ab4cad7a7712189ffd41a6609627383f2b8ccb7a8cbc709df32,,,YFI-USD,BUY,MARKET,8553.0,0.0293,0.0,250.6029
2023-04-07 00:33:24.270689,2023-04-06 00:47:16.964,5489.57,06/04/2023,00:47:16,3f15ffaddd60d869cf6ddac4a0003ea2967452fa68c5363dfa680f41a4747d6,,,1INCH-USD,SELL,MARKET,0.532,400.0,0.0,-212.8
2023-04-07 00:33:24.270689,2023-03-17 21:04:51.579,5489.57,17/03/2023,21:04:51,62958bf9bfda3f8b3e96e324c98c8fe8dae414057c5f7e19d0fbb4770bd5efe,,,XTZ-USD,SELL,MARKET,1.202,200.0,0.12,-240.52
2023-04-07 00:33:24.270689,2023-03-17 21:00:01.319,5489.57,17/03/2023,21:00:01,660cce782383e83cc454f185f3142dc612a9ae59e8003462ebab71f34db76aa,,,XTZ-USD,SELL,MARKET,1.202,200.0,0.12,-240.52
2023-04-07 00:33:24.270689,2023-03-17 21:08:30.317,5489.57,17/03/2023,21:08:30,66176082d56d4ea88e7dc476ef32700859cc861525d07d258776f1a6b6cb924,,,1INCH-USD,BUY,MARKET,0.506,400.0,0.101,202.501
2023-04-07 00:33:24.270689,2023-03-17 21:08:11.221,5489.57,17/03/2023,21:08:11,6b6ff9f796559534808800f97a9af52c7d7f4667a1a68addb086d927c6b478c,,,ZRX-USD,SELL,MARKET,0.232,1000.0,0.116,-232.116
2023-04-07 00:33:24.270689,2023-03-17 21:05:15.660,5489.57,17/03/2023,21:05:15,7f7f042dd2924fd59ae73e6beca325846ab6b89f6e265f789d521e5acbe8306,,,XTZ-USD,BUY,MARKET,1.207,200.0,0.121,241.521
2023-04-07 00:33:24.270689,2023-03-17 21:00:25.578,5489.57,17/03/2023,21:00:25,0bcf4cd123dc055da5601304315888708d059f7d73a3e16a0d623707cda4431,,,XTZ-USD,BUY,MARKET,1.206,200.0,0.121,241.321
2023-04-07 00:33:24.270689,2023-03-18 11:54:30.057,5489.57,18/03/2023,11:54:30,3a4d9bd7fa0407e1c04024cc2a8a94d7b020f32dc0e1195b8ee39e05e111ecb,,,UMA-USD,SELL,MARKET,2.13,116.8,0.125,-248.909
2023-04-07 00:33:24.270689,2023-03-18 11:06:21.276,5489.57,18/03/2023,11:06:21,6ce4de28e0142253b36bac47e3879bcb29af7f57e1ba2ca67a80fc4bbb8ef17,,,ADA-USD,BUY,MARKET,0.355,700.0,0.124,248.624
2023-04-07 00:33:24.270689,2023-03-18 12:27:09.190,5489.57,18/03/2023,12:27:09,6f8ba7b8578b84f329bc973f7929138d1b3d8e65231a889d2744be1c7cab482,,,FIL-USD,SELL,MARKET,6.33,39.4,0.124,-249.526
2023-04-07 00:33:24.270689,2023-03-18 11:25:43.549,5489.57,18/03/2023,11:25:43,70a4d7136d74cc7bbcd2ad8a46eba94e57e4c688c9d7d7e6fbf14910faf94d9,,,ADA-USD,SELL,MARKET,0.354,700.0,0.124,-247.924
2023-04-07 00:33:24.270689,2023-03-18 14:16:10.247,5489.57,18/03/2023,14:16:10,70ed551fe82b4549603fbe8754feb49a0ee4504c09166ecaf8dc8689764dc80,,,COMP-USD,BUY,MARKET,47.5,5.27,0.125,250.45
2023-04-07 00:33:24.270689,2023-03-18 11:38:21.922,5489.57,18/03/2023,11:38:21,710a7fc51f299d985227764ec4720b28553f7901ba49f94842c0bd24b98ecf6,82f09c1f-cf3,OPEN,COMP-USD,SELL,MARKET,47.3,5.27,0.125,-249.396
2023-04-07 00:33:24.270689,2023-03-18 11:54:01.232,5489.57,18/03/2023,11:54:01,08fb24de4911ef8d7fb708c568b0da2632ce08ab0f981b6d7f338d40c167cb9,,,UMA-USD,BUY,MARKET,2.15,116.8,0.126,251.246
2023-04-07 00:33:24.270689,2023-03-18 14:46:16.894,5489.57,18/03/2023,14:46:16,72cc0bfcf6c01da61420f64651dbb7773c29232c763c1bfe10487e369720596,,,FIL-USD,BUY,MARKET,6.29,39.7,0.125,249.838
2023-04-07 00:33:24.270689,2023-03-18 14:46:38.119,5489.57,18/03/2023,14:46:38,748ed36a9d1a07ddb1ffdf142457af3bf8d86539d381eedfc467537336af03c,,,1INCH-USD,SELL,MARKET,0.536,400.0,0.107,-214.507
2023-04-07 00:33:24.270689,2023-03-18 13:51:14.450,5489.57,18/03/2023,13:51:14,75432c5a4b1dd635f7532b14771f3b9914be45693f799475873d545555aeac6,,,FIL-USD,BUY,MARKET,6.34,39.5,0.125,250.555
2023-04-07 00:33:24.270689,2023-03-18 11:40:32.198,5489.57,18/03/2023,11:40:32,76f485606dbdd30711016816a29c93e17f35ae67adbe69bcf3f5e066503b4d9,,,ADA-USD,BUY,MARKET,0.357,700.0,0.125,250.025
2023-04-07 00:33:24.270689,2023-03-18 11:32:20.440,5489.57,18/03/2023,11:32:20,799a5d558c2e13c3dfed775f9d6bc5a61c517f5f501660254ccce69d60652ca,,,ADA-USD,SELL,MARKET,0.355,700.0,0.124,-248.624
2023-04-07 00:33:24.270689,2023-03-18 13:51:42.740,5489.57,18/03/2023,13:51:42,07f14b424aa8cef0f3510123d75c4515e2f42ed5b20f6c7c72f0e0d85c518af,,,FIL-USD,SELL,MARKET,6.32,39.5,0.125,-249.765
2023-04-07 00:33:24.270689,2023-03-18 11:38:00.901,5489.57,18/03/2023,11:38:00,7d7e16e466356dc7346b387a2969baa365a32157edeec9c94c75e44d3131ddb,82f09c1f-cf3,OPEN,ZRX-USD,BUY,MARKET,0.243,1000.0,0.121,243.121
2023-04-07 00:33:24.270689,2023-03-18 14:51:21.936,5489.57,18/03/2023,14:51:21,73b34d4c3c556774caf2b8908fc581aada73176ad20f47db02f21850eda2bce,,,ZRX-USD,BUY,MARKET,0.241,1000.0,0.12,241.12
2023-04-07 00:33:24.270689,2023-03-18 12:10:30.765,5489.57,18/03/2023,12:10:30,3c2d2862a2739eed67c75b75889cb98a712fa35fb5b95d417d85175794de70e,,,SUSHI-USD,SELL,MARKET,1.278,100.0,0.064,-127.864
2023-04-07 00:33:24.270689,2023-03-18 10:13:58.568,5489.57,18/03/2023,10:13:58,69e9c5984fe88b5d5715566763741222bfad8a1c50e6d6633441d634a02773a,,,1INCH-USD,SELL,MARKET,0.533,400.0,0.106,-213.306
2023-04-07 00:33:24.270689,2023-03-18 12:26:42.060,5489.57,18/03/2023,12:26:42,13a584e69494c1fd001d6a3a4685524b738e2148ecd7e16b6704c5a29301bbc,,,FIL-USD,BUY,MARKET,6.35,39.4,0.125,250.315
2023-04-07 00:33:24.270689,2023-03-18 11:05:57.883,5489.57,18/03/2023,11:05:57,1499d6b5831a89760da079686b13b02893347081061e85856338c354e476bcb,,,ADA-USD,SELL,MARKET,0.353,700.0,0.124,-247.224
2023-04-07 00:33:24.270689,2023-03-18 11:26:11.132,5489.57,18/03/2023,11:26:11,653da65f62b0db02701281c709c07f7b3cd405f7573179122e306baf6ab8019,,,ADA-USD,BUY,MARKET,0.356,700.0,0.124,249.324
2023-04-07 00:33:24.270689,2023-03-18 14:51:43.284,5489.57,18/03/2023,14:51:43,178e53368ba00df1c70a1bc9c7fdce2d4b938139cf86dcb740845f9953f446d,,,COMP-USD,SELL,MARKET,47.3,5.29,0.125,-250.342
2023-04-07 00:33:24.270689,2023-03-18 10:35:13.506,5489.57,18/03/2023,10:35:13,182682747312601efe375898e972e61a359f344c6e7821736dcc5ec6b46417f,,,ADA-USD,SELL,MARKET,0.351,710.0,0.125,-249.335
2023-04-07 00:33:24.270689,2023-03-18 10:14:07.157,5489.57,18/03/2023,10:14:07,19e2da867bafdbb9fc956206c44ef04c643f2d34ab3f67b8b0988e5ce67b7cd,,,ZRX-USD,BUY,MARKET,0.243,1000.0,0.122,243.122
2023-04-07 00:33:24.270689,2023-03-18 14:16:02.913,5489.57,18/03/2023,14:16:02,5545565a4fa879e48bbe44d991afc013b3e1bd0060c84f4d415e86e76bf40de,,,ZRX-USD,SELL,MARKET,0.24,1000.0,0.12,-240.12
2023-04-07 00:33:24.270689,2023-03-18 11:32:41.734,5489.57,18/03/2023,11:32:41,4c900c1aee981c5c944821516ef0d7cdd2c07e35557079fbf7354321b8f8af0,,,UMA-USD,BUY,MARKET,2.15,116.8,0.125,251.245
2023-04-07 00:33:24.270689,2023-03-18 11:40:24.598,5489.57,18/03/2023,11:40:24,68ae24529bcaab621f8de03218bd9b393fc7920630865b16f423f3c24101057,,,UMA-USD,SELL,MARKET,2.14,116.8,0.125,-250.077
2023-04-07 00:33:24.270689,2023-03-18 10:35:36.489,5489.57,18/03/2023,10:35:36,51020400d4df391a274383e96954de0a09347cb3a922e63f0e26165601ab906,,,ADA-USD,BUY,MARKET,0.354,710.0,0.126,251.466
2023-04-07 00:33:24.270689,2023-03-18 12:10:58.070,5489.57,18/03/2023,12:10:58,1f5da819bb82635bed26082944431da70c6abbaf4c5663c65ca20ed9f23aabc,,,SUSHI-USD,BUY,MARKET,1.282,100.0,0.064,128.26399999999998
2023-04-07 00:33:24.270689,2023-03-21 17:51:27.038,5489.57,21/03/2023,17:51:27,2e9a6c986fba285785dc4c5a1cd5551fa308e4944bef5f570b135a37fc16191,,,BCH-USD,BUY,MARKET,132.7,1.89,0.125,250.928
2023-04-07 00:33:24.270689,2023-03-21 17:52:10.942,5489.57,21/03/2023,17:52:10,7689868ea4553843d0f8122e2bbfa4b8319ef9054a48b82df63b6b9f07f4e3a,,,BCH-USD,SELL,MARKET,132.5,1.89,0.125,-250.55
2023-04-07 00:33:24.270689,2023-03-21 17:49:02.008,5489.57,21/03/2023,17:49:02,52d9ba5f583f539c56e391760e6025730d26198c78caed1adce3853c074db35,,,BCH-USD,SELL,MARKET,132.3,1.89,0.126,-250.17300000000003
2023-04-07 00:33:24.270689,2023-03-21 17:48:20.505,5489.57,21/03/2023,17:48:20,254c07914084057f34f60433df4dff99919981eaddb21a31a69d841d88efbd7,,,BCH-USD,BUY,MARKET,132.8,1.89,0.125,251.117
2023-04-07 00:33:24.270689,2023-03-23 13:59:07.723,5489.57,23/03/2023,13:59:07,4ca1272aa08c4499ed8002eafe855868baeb4ea9803c45ab69f69f58ca23527,,,1INCH-USD,BUY,MARKET,0.507,400.0,0.101,202.901
2023-04-07 00:33:24.270689,2023-03-23 13:59:14.706,5489.57,23/03/2023,13:59:14,523c43d2511c9af87c867c23aef15559f930c1d7ab2f1a14125d328981c3a67,,,FIL-USD,SELL,MARKET,5.68,39.7,0.113,-225.609
2023-04-07 00:33:24.270689,2023-03-23 13:31:51.201,5489.57,23/03/2023,13:31:51,4c62bcddb8ef00bf9f31076a5cfd3207afe04168a6922421bda41f15b2bbda2,82f09c1f-cf3,CLOSE,COMP-USD,BUY,MARKET,43.2,5.27,0.114,227.778
2023-04-07 00:33:24.270689,2023-03-23 13:51:12.178,5489.57,23/03/2023,13:51:12,1ef3c61e794087916756a6f85ee9df4fd6bda1b21fd48a1bcd8e48c56538ae2,82f09c1f-cf3,CLOSE,ZRX-USD,SELL,MARKET,0.229,1000.0,0.115,-229.115
2023-04-07 00:33:24.270689,2023-03-23 13:51:19.694,5489.57,23/03/2023,13:51:19,739b963e87b1df5030895b7946841c7d9318e68d5412aa987e2ff208706370f,,,COMP-USD,BUY,MARKET,42.9,0.02,0.0,0.858
2023-04-10 13:54:07.196987,2023-04-07 03:48:46.648000,5509.79,07/04/2023,03:48:46,05158d3e11507fb14143567c1c3f66795ceabadd74193476f6d50250ddd55ea,,,YFI-USD,SELL,MARKET,8507.0,0.0293,0.0,-249.2551
2023-04-10 13:54:07.196987,2023-04-07 00:55:59,5509.79,07/04/2023,00:55:59,4bacee5cfc7a11dc98f57cc50390101fd02ee77b12c9bf85b74f647c0fd0213,,,ENJ-USD,SELL,MARKET,0.422,592.0,0.0,-249.824
2023-04-10 13:54:07.196987,2023-04-07 21:56:16.851000,5509.79,07/04/2023,21:56:16,18f8738a33baff5281778b198e469e88281ff4b4bba8bf1797b7c0a6c3101fb,,,SOL-USD,BUY,MARKET,20.446,12.3,0.0,251.48580000000004
2023-04-10 13:54:07.196987,2023-04-07 21:55:28.549000,5509.79,07/04/2023,21:55:28,5ac31c3ae5f66731c1b5b35f5dd49ed73aa038fe25c1a85202ed7e96ebe9d50,,,FIL-USD,SELL,MARKET,5.81,44.3,0.0,-257.383
2023-04-10 13:54:07.196987,2023-04-07 06:54:06.924000,5509.79,07/04/2023,06:54:06,034f4b2941f37dd421da9c9d130359367f9f05018f37a633a2bbd0e42579245,,,MATIC-USD,SELL,MARKET,1.1053,200.0,0.0,-221.06
2023-04-10 13:54:07.196987,2023-04-07 03:49:08.027000,5509.79,07/04/2023,03:49:08,7e2a72efc12c62434e3f391402dc953a065ff35dc6493f47dec970109d1e379,,,ALGO-USD,BUY,MARKET,0.2172,1100.0,0.0,238.92
2023-04-10 13:54:07.196987,2023-04-07 01:47:13.721000,5509.79,07/04/2023,01:47:13,106ca478cbd0ecec50e1384cb67173dbb90e259a3dc4577260c836bdb75a944,,,SUSHI-USD,BUY,MARKET,1.147,200.0,0.0,229.4
2023-04-10 13:54:07.196987,2023-04-07 09:47:35.788000,5509.79,07/04/2023,09:47:35,62b543bdee9e97713421e17754d70492708eec6f8beecf4a112772db97b9d60,,,BCH-USD,BUY,MARKET,124.1,2.02,0.0,250.682
2023-04-10 13:54:07.196987,2023-04-07 01:46:46.572000,5509.79,07/04/2023,01:46:46,2b295edbed34995262c44efd304a9f9feb82f4bfa8dea2c85f8f9832ff24d29,,,SUSHI-USD,SELL,MARKET,1.144,200.0,0.0,-228.8
2023-04-10 13:54:07.196987,2023-04-07 06:53:45.536000,5509.79,07/04/2023,06:53:45,7da241ddf26ba3911eb7b22b1a0b881bf2de9ae46da0349d1e06b981e72d08c,,,UNI-USD,BUY,MARKET,5.999,41.7,0.0,250.1583
2023-04-10 13:54:07.196987,2023-04-07 09:47:57.375000,5509.79,07/04/2023,09:47:57,27a5e0c6594575079dcb21eb1065d7274e56cd2681189b40e3192759a1c03e6,,,SOL-USD,SELL,MARKET,20.333,12.3,0.0,-250.0959
2023-04-10 13:54:07.196987,2023-04-07 21:55:40.531000,5509.79,07/04/2023,21:55:40,7acead4082b1b9d28c31a6ec6ac41d0da030d88cd06807f78f87684cb614647,,,XTZ-USD,BUY,MARKET,1.095,200.0,0.0,219.0
2023-04-10 13:54:07.196987,2023-04-08 11:07:23.471000,5509.79,08/04/2023,11:07:23,7ec11bdb6499ab057c485690caef892fd81a4588c4fc2e1411dd3a1b97188de,,,NEAR-USD,SELL,MARKET,2.003,126.2,0.0,-252.7786
2023-04-10 13:54:07.196987,2023-04-08 19:49:45.003000,5509.79,08/04/2023,19:49:45,6ea128038b1b3595bc71d004fdef74770721a6b2706a6bfa10074f570e6943c,,,SOL-USD,BUY,MARKET,20.225,12.4,0.0,250.79
2023-04-10 13:54:07.196987,2023-04-08 11:14:52.484000,5509.79,08/04/2023,11:14:52,1e83e31918ccf1a66742096573199655190a6d61a407af112aa37f5fd2132d1,,,COMP-USD,BUY,MARKET,42.5,5.9,0.0,250.75000000000003
2023-04-10 13:54:07.196987,2023-04-08 11:07:33.011000,5509.79,08/04/2023,11:07:33,0928a1329c5fc73a34d259e050b1b4213b3f7166f4f5dc2eda8b150ddfe348f,,,COMP-USD,BUY,MARKET,42.4,5.8,0.0,245.92
2023-04-10 13:54:07.196987,2023-04-08 13:54:27.551000,5509.79,08/04/2023,13:54:27,4b5de2924974589413e9158c2b17f3cb01a2ef02ff8aa907438561cf2080dae,,,NEAR-USD,BUY,MARKET,2.007,124.9,0.0,250.6743
2023-04-10 13:54:07.196987,2023-04-08 19:49:23.568000,5509.79,08/04/2023,19:49:23,22573e61ff7021ede07690e22ce8ee0877d9bc1b2dc9479ba9ec66c0df0889a,,,FIL-USD,SELL,MARKET,5.82,43.0,0.0,-250.26
2023-04-10 13:54:07.196987,2023-04-08 13:54:48.994000,5509.79,08/04/2023,13:54:48,4f3c29fef7f7f31b857d0e02a87e96a025468772ae77fde8852196f6b1507b0,,,SUSHI-USD,SELL,MARKET,1.126,200.0,0.0,-225.2
2023-04-10 13:54:07.196987,2023-04-08 11:14:31.424000,5509.79,08/04/2023,11:14:31,4efe389f0508fbc5f76dea405453842f92b9ae429f8ae54fa55e975688e9aa7,,,XTZ-USD,SELL,MARKET,1.101,200.0,0.0,-220.2
2023-04-10 13:54:07.196987,2023-04-09 14:38:41.511000,5509.79,09/04/2023,14:38:41,4a5d139d29f1aa0a84cc978b0c48daa31a4795d2b2b4887914fd0b6a5b12cf7,,,1INCH-USD,SELL,MARKET,0.523,400.0,0.0,-209.2
2023-04-10 13:54:07.196987,2023-04-09 08:11:23.926000,5509.79,09/04/2023,08:11:23,498d6ffc43e269a05d8e4a24ac6727d6641a46360de25db44e1d54fc9662779,,,XLM-USD,BUY,MARKET,0.1032,2400.0,0.0,247.68
2023-04-10 13:54:07.196987,2023-04-09 14:57:13.716000,5509.79,09/04/2023,14:57:13,45a294bf55f62f7494b4db1f1c80e7515670af1b045f65f8ba53a0ca22b292a,,,UMA-USD,SELL,MARKET,2.06,120.8,0.0,-248.848
2023-04-10 13:54:07.196987,2023-04-09 12:00:05.016000,5509.79,09/04/2023,12:00:05,45c4c2e95764f1bd5c5daed05013c3603e956b11a892995992c18c196516413,,,FIL-USD,SELL,MARKET,5.7,43.6,0.0,-248.52
2023-04-10 13:54:07.196987,2023-04-09 08:09:17.210000,5509.79,09/04/2023,08:09:17,450af889acf22fceed4f6f19f13c44838cf51c32408634ab7acf5b51676a135,,,CELO-USD,SELL,MARKET,0.679,300.0,0.0,-203.7
2023-04-10 13:54:07.196987,2023-04-09 02:58:24.610000,5509.79,09/04/2023,02:58:24,49953d03f09315fd6132a38ba165123f37814fd0a3432ff563939676b43b62d,,,BCH-USD,SELL,MARKET,124.5,2.02,0.0,-251.49
2023-04-10 13:54:07.196987,2023-04-09 08:11:54.909000,5509.79,09/04/2023,08:11:54,5a79208ae6bf17f02930c5b4941045478f38d0a2709ceddf8d20279cc825035,,,CELO-USD,SELL,MARKET,0.679,300.0,0.0,-203.7
2023-04-10 13:54:07.196987,2023-04-09 13:38:32.374000,5509.79,09/04/2023,13:38:32,4e1a97edee36910c95ca42ebd2780b8489dd42ff030a4237dc4e5043f0eb15a,,,EOS-USD,BUY,MARKET,1.185,200.0,0.0,237.0
2023-04-10 13:54:07.196987,2023-04-09 07:05:13.727000,5509.79,09/04/2023,07:05:13,5ab3a1594fe712848898757c59f35f99119ac2f10eeeaf9319f8b432dc6fb4d,,,NEAR-USD,SELL,MARKET,1.934,128.79999999999998,0.0,-249.0992
2023-04-10 13:54:07.196987,2023-04-09 08:12:16.447000,5509.79,09/04/2023,08:12:16,603d0e8c36767b25af192d653498a694f13f2fdca6b2e2a9aac192ec0e5dede,,,ZRX-USD,BUY,MARKET,0.272,900.0,0.0,244.8
2023-04-10 13:54:07.196987,2023-04-09 14:08:25.946000,5509.79,09/04/2023,14:08:25,6ea47f7850b3139aae7da2b4971da3b98eec099137578fdbefa2de46897b8d1,,,SUSHI-USD,SELL,MARKET,1.088,200.0,0.0,-217.6
2023-04-10 13:54:07.196987,2023-04-09 08:08:54.627000,5509.79,09/04/2023,08:08:54,7168b333a8c91592492ddb4e5da734d07cbbdb0cece54aeb4f21bc0d58baa6a,,,SOL-USD,SELL,MARKET,20.004,12.4,0.0,-248.04960000000003
2023-04-10 13:54:07.196987,2023-04-09 11:04:47.284000,5509.79,09/04/2023,11:04:47,724d2c4630ad73d3475c74725d3b6af0cd16e23b0d95e3dd39baaaa70ea6066,,,UMA-USD,SELL,MARKET,2.1,119.6,0.0,-251.16
2023-04-10 13:54:07.196987,2023-04-09 10:58:08.333000,5509.79,09/04/2023,10:58:08,79e43fb089f4c627208fa106e4b4f7af2ecb817965b75828565e42083ce07de,,,CRV-USD,BUY,MARKET,1.0073,248.0,0.0,249.8104
2023-04-10 13:54:07.196987,2023-04-09 12:00:15.801000,5509.79,09/04/2023,12:00:15,7a2702a3134005188aeb49f0d12a950c5ed15fae5941e8d86199fd52019b5c1,,,ADA-USD,BUY,MARKET,0.389,600.0,0.0,233.4
2023-04-10 13:54:07.196987,2023-04-09 17:32:25.581000,5509.79,09/04/2023,17:32:25,7ee37943a8e2b8c41ad74442b73994f76552fd3602a918163cd7ff10d1ce716,,,CRV-USD,BUY,MARKET,0.992,251.0,0.0,248.992
2023-04-10 13:54:07.196987,2023-04-09 14:38:20.912000,5509.79,09/04/2023,14:38:20,4a9f7c1b552b00250a8b74deb73161b0730ac2dad0baa0c7e35ea18fe31bc16,,,MATIC-USD,BUY,MARKET,1.0893,200.0,0.0,217.86
2023-04-10 13:54:07.196987,2023-04-09 02:57:48.833000,5509.79,09/04/2023,02:57:48,3bab4b375c5723932eb2152e5fdbd74fee4972367a7e65d870cac4fc95df3ac,,,SUSHI-USD,BUY,MARKET,1.115,200.0,0.0,223.0
2023-04-10 13:54:07.196987,2023-04-09 13:36:54.032000,5509.79,09/04/2023,13:36:54,00baaf9c3621b446e2e3e66623d54653e115a978e292f8aef19ac77cfbc8c56,,,CELO-USD,BUY,MARKET,0.694,300.0,0.0,208.2
2023-04-10 13:54:07.196987,2023-04-09 17:32:05.410000,5509.79,09/04/2023,17:32:05,371899f25abb66bf76eb5986f15cae47c602aabb050a0654695202a9d5548d0,,,UMA-USD,SELL,MARKET,2.06,120.8,0.0,-248.848
2023-04-10 13:54:07.196987,2023-04-09 14:32:28.053000,5509.79,09/04/2023,14:32:28,0172d929e1f4600ebaf2d8fee4b5783a14d8502199296a07f6981a7241ce6bb,,,COMP-USD,SELL,MARKET,41.9,5.97,0.0,-250.143
2023-04-10 13:54:07.196987,2023-04-09 08:13:28.543000,5509.79,09/04/2023,08:13:28,05b1ce7f610f6b3e0c069f5c08d09b8324543fc79612cb7fcd71d360fc96ac7,,,SUSHI-USD,BUY,MARKET,1.073,200.0,0.0,214.6
2023-04-10 13:54:07.196987,2023-04-09 11:04:25.842000,5509.79,09/04/2023,11:04:25,06febdc4736db59d8d4bd49d6793d46d2ee4e00be20d05d123d546aa0ae793d,,,FIL-USD,BUY,MARKET,5.71,43.6,0.0,248.956
2023-04-10 13:54:07.196987,2023-04-09 08:09:10.657000,5509.79,09/04/2023,08:09:10,0847949bbd165c5057ad8c65cb8f9188230e860c8c1ded6d467f90d855fb76f,,,1INCH-USD,BUY,MARKET,0.524,400.0,0.0,209.6
2023-04-10 13:54:07.196987,2023-04-09 07:04:48.591000,5509.79,09/04/2023,07:04:48,08d7abf54b8acacae37bf79468333691c5f5a5103b33662cee3cc1cb9704294,,,NEAR-USD,BUY,MARKET,1.942,128.8,0.0,250.1296
2023-04-10 13:54:07.196987,2023-04-09 12:02:46.531000,5509.79,09/04/2023,12:02:46,093df50fabf1d0c94881ca028e2bc9b1029d1981847dd8fbd475a657afce26b,,,UMA-USD,BUY,MARKET,2.08,120.8,0.0,251.264
2023-04-10 13:54:07.196987,2023-04-09 12:00:22.514000,5509.79,09/04/2023,12:00:22,1167c2bef96765d402fbada10a782463cfeec3baf6f70952c11c6121a51ba0a,,,SUSHI-USD,SELL,MARKET,1.09,200.0,0.0,-218.00000000000003
2023-04-10 13:54:07.196987,2023-04-09 15:18:49.070000,5509.79,09/04/2023,15:18:49,15baf4fe6df8297f083f83346028e0acc6a5aaad8429afbe941d9b749e312da,,,UMA-USD,BUY,MARKET,2.07,120.8,0.0,250.056
2023-04-10 13:54:07.196987,2023-04-09 13:36:00.600000,5509.79,09/04/2023,13:36:00,384d7f873d033bd943a28015b9b3745efac9347cda5c082facdb1ce740d2b97,,,FIL-USD,SELL,MARKET,5.68,43.9,0.0,-249.352
2023-04-10 13:54:07.196987,2023-04-09 08:11:02.523000,5509.79,09/04/2023,08:11:02,192684b7d48b10b3e38fc376563e4c41edf2b0bf12497fbb528e8843a16390d,,,BCH-USD,SELL,MARKET,123.7,2.02,0.0,-249.874
2023-04-10 13:54:07.196987,2023-04-09 14:32:07.173000,5509.79,09/04/2023,14:32:07,1b393a63078a65f1ff446b90ac2a3a8dc816a40d28b562a30f1c900316f71f0,,,XTZ-USD,BUY,MARKET,1.081,200.0,0.0,216.2
2023-04-10 13:54:07.196987,2023-04-09 13:36:46.958000,5509.79,09/04/2023,13:36:46,1bb3904b2bbc1d5589461e37797383e4075cc90259eb835ca0d7484f8d72b90,,,ZRX-USD,SELL,MARKET,0.28,900.0,0.0,-252.00000000000003
2023-04-10 13:54:07.196987,2023-04-09 11:59:58.973000,5509.79,09/04/2023,11:59:58,354a6988f55e9e903f85f20dce6be7e8a512190316f150f121db00a7998a4f9,,,UMA-USD,BUY,MARKET,2.07,119.6,0.0,247.572
2023-04-10 13:54:07.196987,2023-04-09 12:02:19.968000,5509.79,09/04/2023,12:02:19,1ca8cb09ea1a1dbdeace985fa5830c4e97b1dad22e7ee07a2bcbd35a2a8a0df,,,UMA-USD,SELL,MARKET,2.06,120.8,0.0,-248.848
2023-04-10 13:54:07.196987,2023-04-09 13:35:33.211000,5509.79,09/04/2023,13:35:33,1d2ba0011e78c0e3bb2d4fd2bc7cdfc4c4b22f84fab1a60fb13fa4f7de97125,,,FIL-USD,BUY,MARKET,5.7,43.9,0.0,250.23
2023-04-10 13:54:07.196987,2023-04-09 14:16:26.280000,5509.79,09/04/2023,14:16:26,1eba263ab0fc9ae88ca87a73ddf2403f5c17932c7bb60ede6ced95a337dbcef,,,COMP-USD,SELL,MARKET,42.1,5.9,0.0,-248.39
2023-04-10 13:54:07.196987,2023-04-09 02:58:00.634000,5509.79,09/04/2023,02:58:00,7f32b4350cd9b1e1bd55a98232210039517911f514f0652d72c4378c35ef27b,,,NEAR-USD,SELL,MARKET,1.993,124.9,0.0,-248.92570000000003
2023-04-10 13:54:07.196987,2023-04-09 16:04:50.603000,5509.79,09/04/2023,16:04:50,2075f61fa041a4fdf565b7ddd60e020f6e14ad527fda3a0c783acf3227f2371,,,TRX-USD,BUY,MARKET,0.0666,3770.0,0.0,251.082
2023-04-10 13:54:07.196987,2023-04-09 10:58:15.912000,5509.79,09/04/2023,10:58:15,214e91cfc1803974958430a92f74c5934a4aef8508fd40029a925e4474c9e00,,,UMA-USD,SELL,MARKET,2.09,121.4,0.0,-253.726
2023-04-10 13:54:07.196987,2023-04-09 14:08:04.340000,5509.79,09/04/2023,14:08:04,23063e24251e7ceff7cf0f5bed4781d078a9b65c0fe6045370b75a23c2eefa5,,,FIL-USD,BUY,MARKET,5.71,43.9,0.0,250.669
2023-04-10 13:54:07.196987,2023-04-09 02:58:33.567000,5509.79,09/04/2023,02:58:33,34541962378ba9852b8dd6be28850d7ede0a1b09614154578604ead7ce134dc,,,MATIC-USD,BUY,MARKET,1.1092,200.0,0.0,221.84
2023-04-10 13:54:07.196987,2023-04-09 14:16:33.842000,5509.79,09/04/2023,14:16:33,2dd4402abd9db456bd3337c3ca10025dc106e5d45a72ce324615aff9eb48b05,,,XTZ-USD,BUY,MARKET,1.087,200.0,0.0,217.4
2023-04-10 13:54:07.196987,2023-04-09 08:13:50.088000,5509.79,09/04/2023,08:13:50,1bb982e53fc5430624b34c932cf82b54e4f41f8ac1affd66c6ebec0cda2f797,,,ADA-USD,SELL,MARKET,0.385,600.0,0.0,-231.0
2023-04-10 13:54:07.196987,2023-04-09 08:09:01.855000,5509.79,09/04/2023,08:09:01,2d7f5d11e80a1c7215c0ef8a4dd2bb9c81117323522c28fcb4eeac708539294,,,FIL-USD,BUY,MARKET,5.73,43.0,0.0,246.39
2023-04-10 13:54:07.196987,2023-04-09 16:04:23.178000,5509.79,09/04/2023,16:04:23,279d1aa542340b85103a828c3f1dc2b8f71651a4bdb7763db2555000c22e195,,,TRX-USD,SELL,MARKET,0.0662,3770.0,0.0,-249.574
2023-04-10 13:54:07.196987,2023-04-10 08:56:01.598000,5509.79,10/04/2023,08:56:01,0179819b71c11682d39b1857cf6473960ef77b2bd49ac13b908617947040df7,,,UNI-USD,SELL,MARKET,5.856,41.7,0.0,-244.1952
2023-04-10 13:54:07.196987,2023-04-10 08:54:54.437000,5509.79,10/04/2023,08:54:54,042556439da460e43930564b760f5db98864ec989aafc7c47f7c29bf8a282c1,,,MATIC-USD,SELL,MARKET,1.0941,200.0,0.0,-218.82
2023-04-10 13:54:07.196987,2023-04-10 08:56:34.019000,5509.79,10/04/2023,08:56:34,06848ef1ead53306d9fffaa709bddacc3b56ff2c8915fb4df59a0ca1d7ed1e2,,,ENJ-USD,BUY,MARKET,0.431,592.0,0.0,255.152
2023-04-10 13:54:07.196987,2023-04-10 08:54:45.364000,5509.79,10/04/2023,08:54:45,0f6dba0962ce9d69614fe9820c4bfa712e6af7f9ed72ff46ce4032721cbc6bd,,,1INCH-USD,BUY,MARKET,0.527,400.0,0.0,210.8
2023-04-10 13:54:07.196987,2023-04-10 12:32:21.490000,5509.79,10/04/2023,12:32:21,0edc7c05172b43a3b592e17dd64b105cf60f23ccfc4bdbeb81cb621724d90cf,,,RUNE-USD,SELL,MARKET,1.594,100.0,0.0,-159.4
2023-04-10 13:54:07.196987,2023-04-10 08:56:54.289000,5509.79,10/04/2023,08:56:54,63d81f151a3353fe8d31c9e5e2fb583752abb82bee582ebd61797bf7d7a69f9,,,COMP-USD,BUY,MARKET,42.6,5.97,0.0,254.322
2023-04-10 13:54:07.196987,2023-04-10 08:56:08.636000,5509.79,10/04/2023,08:56:08,103f1cb8abfdf5ff506623a26fe2f19d9265c08f2767025178f57dfd45d8f30,,,ETH-USD,SELL,MARKET,1857.6,0.132,0.0,-245.2032
2023-04-10 13:54:07.196987,2023-04-10 12:01:15.844000,5509.79,10/04/2023,12:01:15,6238287233fdd77707534489bb23c883a42a2dce82ff2fd45eff49794fbaeec,,,ETH-USD,BUY,MARKET,1861.9,0.135,0.0,251.35650000000004
2023-04-10 13:54:07.196987,2023-04-10 08:57:01.441000,5509.79,10/04/2023,08:57:01,60f597a4dad7b6e0e67dd71484b4065cf5b62f21fb1ca6022e14edee2d1fe30,,,XTZ-USD,SELL,MARKET,1.106,200.0,0.0,-221.2
2023-04-10 13:54:07.196987,2023-04-10 12:32:00.002000,5509.79,10/04/2023,12:32:00,17b79587ae282262a37c73df36355a61125381d59e5858afc3f80d64f37b279,,,ENJ-USD,BUY,MARKET,0.425,589.0,0.0,250.325
2023-04-10 13:54:07.196987,2023-04-10 08:55:35.325000,5509.79,10/04/2023,08:55:35,54a30a03fe359561912aa86d785ff767b3f43b260449f6c512dd58c76006e33,,,YFI-USD,BUY,MARKET,8475.0,0.0293,0.0,248.3175
2023-04-10 13:54:07.196987,2023-04-10 12:00:54.344000,5509.79,10/04/2023,12:00:54,463cb6da246be83cb6200d1241b701171651b5073bd63d2f556b112e26a98f0,,,EOS-USD,SELL,MARKET,1.201,200.0,0.0,-240.2
2023-04-10 13:54:07.196987,2023-04-10 08:56:27.452000,5509.79,10/04/2023,08:56:27,162322e61b9af879ed0164f46f1670305ab888c247305a9427478074570f7b4,,,ALGO-USD,SELL,MARKET,0.2146,1100.0,0.0,-236.06
2023-04-10 14:54:07.843444,2023-04-10 13:59:51.507000,5511.36,10/04/2023,13:59:51,7a08e7daa28917eecf05d9998ef3e03497cc90ed0915939951c5227d4d7edcc,,,CELO-USD,BUY,MARKET,0.672,300.0,0.0,201.6
2023-04-10 14:54:07.843444,2023-04-10 14:00:18.804000,5511.36,10/04/2023,14:00:18,168bf7c5b1abec7a16d9f198055c7b7f19bbf8c23c8ba8c5c7be61c2f8ae1f5,,,CELO-USD,SELL,MARKET,0.67,300.0,0.0,-201.0
2023-04-10 17:54:07.383681,2023-04-10 17:02:54.798000,5458.55,10/04/2023,17:02:54,7ba68ed4d8009af3c5fa92cd9378fd0d976ef0864aa69081496a1040e2a3656,,,ALGO-USD,SELL,MARKET,0.2171,1100.0,0.0,-238.81
2023-04-10 17:54:07.383681,2023-04-10 17:02:14.837000,5458.55,10/04/2023,17:02:14,033559e9ada172c0e3d0284a3bb1704e568c4766d1c929511734be96b097c02,,,UNI-USD,SELL,MARKET,5.965,41.9,0.0,-249.9335
2023-04-10 17:54:07.383681,2023-04-10 17:01:53.392000,5458.55,10/04/2023,17:01:53,3705bfaa3735ce56955459573ef4eaf7e205f9b838d10bd45bee9c42f7a52d0,,,NEAR-USD,BUY,MARKET,2.016,124.0,0.0,249.984
2023-04-10 17:54:07.383681,2023-04-10 17:03:22.652000,5458.55,10/04/2023,17:03:22,35e65b08140a7169d074bb64d93449ca61b12ff1532f36a0041cf2dc128300f,,,ALGO-USD,BUY,MARKET,0.2178,1100.0,0.0,239.58
2023-04-11 08:00:05.833108,2023-04-10 18:01:57.017000,5483.3,10/04/2023,18:01:57,25f5a8cb9d52160fdbbd30a46ab29ed3a4f7732676a2e50e49c6b56e7b956ae,,,TRX-USD,SELL,MARKET,0.0668,3720.0,0.0,-248.496
2023-04-11 08:00:05.833108,2023-04-10 18:01:29.525000,5483.3,10/04/2023,18:01:29,53aadc94592c4801327871803ab7a31dd52b0071d79f8553238bec550381ac0,,,TRX-USD,BUY,MARKET,0.0672,3720.0,0.0,249.984
2023-04-11 08:00:05.833108,2023-04-10 19:07:16.144000,5483.3,10/04/2023,19:07:16,692c3eb9da5cbeb339295d621e8c74fc8f518d11170648fdd45b09e611a14bb,,,YFI-USD,BUY,MARKET,8653.0,0.0289999999999999,0.0,250.937
2023-04-11 08:00:05.833108,2023-04-10 19:03:42.770000,5483.3,10/04/2023,19:03:42,4852644140a05c1617ef9e7fa74325163d781f590be8684ae38257ef187869d,,,XTZ-USD,SELL,MARKET,1.117,200.0,0.0,-223.4
2023-04-11 08:00:05.833108,2023-04-10 19:07:37.683000,5483.3,10/04/2023,19:07:37,5db1be17635d22d05dfec57e36ff1f39131758975247c2db82082875514dada,,,1INCH-USD,SELL,MARKET,0.542,400.0,0.0,-216.8
2023-04-11 08:00:05.833108,2023-04-11 06:17:49.545000,5483.3,11/04/2023,06:17:49,7e824ba84117e2438a17e3246ee6543453ce8300e7a4bd998a8dff2a6342de6,,,ETH-USD,SELL,MARKET,1918.4,0.135,0.0,-258.98400000000004
2023-04-11 08:00:05.833108,2023-04-11 06:18:21.632000,5483.3,11/04/2023,06:18:21,75db473c94989c283d674789bcf9bbd7de1a35d9e2b8a98881f4c9a5a6435ae,,,XTZ-USD,BUY,MARKET,1.123,200.0,0.0,224.6
2023-04-11 08:00:05.833108,2023-04-11 06:15:59.796000,5483.3,11/04/2023,06:15:59,7075c8916f7f225bfa5a288e5bd239c72d38b421869455988d610a425a08fc8,,,CRV-USD,SELL,MARKET,1.0282,251.0,0.0,-258.0782
2023-04-11 08:00:05.833108,2023-04-11 01:46:17.308000,5483.3,11/04/2023,01:46:17,765472933a8fed67a68184b56e51774f5550173b35bbd88aa906ccbfdd81b6b,,,COMP-USD,SELL,MARKET,43.6,5.73,0.0,-249.82800000000003
2023-04-11 08:00:05.833108,2023-04-11 06:21:41.152000,5483.3,11/04/2023,06:21:41,1a20ce94a520f3cdc5251f8d618504ebf450bd1aeecb7bc284901d9ab27c01f,,,XTZ-USD,SELL,MARKET,1.121,200.0,0.0,-224.2
2023-04-11 08:00:05.833108,2023-04-11 06:16:45.712000,5483.3,11/04/2023,06:16:45,04192817eac97d75ef8a57dbbb926ea28224132b1a7f64b5394752686fa3d7d,,,NEAR-USD,SELL,MARKET,2.068,124.0,0.0,-256.432
2023-04-11 08:00:05.833108,2023-04-11 06:21:13.906000,5483.3,11/04/2023,06:21:13,538e5aaea20c959d34cc69e90ae3775ade57e49d49fb3acfe5e1275c79225ec,,,XTZ-USD,BUY,MARKET,1.126,200.0,0.0,225.2
2023-04-11 08:00:05.833108,2023-04-11 07:40:17.078000,5483.3,11/04/2023,07:40:17,58f28417de650764ed607b6f6540d2bd68b4abe104ee417028c7cb3e1f74fc5,,,XTZ-USD,BUY,MARKET,1.128,200.0,0.0,225.6
2023-04-11 08:00:05.833108,2023-04-11 01:46:37.424000,5483.3,11/04/2023,01:46:37,27e2b4520610650ed03af48c44c3baa441b8dea072282014d6db6aa0b21c0d2,,,MATIC-USD,BUY,MARKET,1.1168,200.0,0.0,223.36
2023-04-11 08:00:05.833108,2023-04-11 06:58:54.434000,5483.3,11/04/2023,06:58:54,29ac9af24ca5495f32268344087b8119287ff2ca000f7974dcc056832046330,,,AVAX-USD,SELL,MARKET,18.23,13.7,0.0,-249.751
2023-04-11 08:00:05.833108,2023-04-11 06:16:14.475000,5483.3,11/04/2023,06:16:14,12d3ee585992180eaffdf6431ff584e4b6488ba5d6986c21304094bc0c0612b,,,UMA-USD,BUY,MARKET,2.13,120.8,0.0,257.304
2023-04-11 08:00:05.833108,2023-04-11 06:59:14.698000,5483.3,11/04/2023,06:59:14,358aed4d4e9f7fb61869b1d7e72a216d7b2802fa449890f58da20d558e265d3,,,ETH-USD,BUY,MARKET,1922.5,0.13,0.0,249.925
2023-04-11 08:00:05.833108,2023-04-11 06:16:29.045000,5483.3,11/04/2023,06:16:29,0f665e49dc687e79d191f009902fb5d86be0d4fd5d6b2778a000de91fc444df,,,UNI-USD,BUY,MARKET,6.061,41.9,0.0,253.9559
2023-04-11 08:00:05.833108,2023-04-11 06:17:28.938000,5483.3,11/04/2023,06:17:28,448a328dccca375fc3c7cac94739c2f4f9066c0dfe04896c790663304890bb4,,,1INCH-USD,BUY,MARKET,0.545,400.0,0.0,218.00000000000003
2023-04-11 08:00:05.833108,2023-04-11 06:20:41.867000,5483.3,11/04/2023,06:20:41,04d6bb5caf984c5476407b80b8280023f01344450f64a344306c9b668d5c51f,,,EOS-USD,BUY,MARKET,1.242,200.0,0.0,248.4
2023-04-11 08:00:05.833108,2023-04-11 07:32:37.747000,5483.3,11/04/2023,07:32:37,21416fa84b409959a3144348e3f21fe86f2f33bc9596c0fe8280066481bad85,,,UMA-USD,BUY,MARKET,2.12,117.4,0.0,248.88800000000003
2023-04-11 08:00:05.833108,2023-04-11 06:15:10.707000,5483.3,11/04/2023,06:15:10,1fc9092e49c41e8f804a0e2ec3a2e802c8111b34395969e2c48bc6e324ed231,,,SUSHI-USD,BUY,MARKET,1.148,200.0,0.0,229.6
2023-04-11 08:00:05.833108,2023-04-11 07:32:59.145000,5483.3,11/04/2023,07:32:59,4c16774d508ca3a00a1511b0bf73acffff9b9a5fec9f5edd5ae08bf6e0d72e4,,,LTC-USD,SELL,MARKET,96.8,2.58,0.0,-249.744
2023-04-11 08:00:05.833108,2023-04-11 03:46:57.709000,5483.3,11/04/2023,03:46:57,05b07b2ea7dd5375d008bc928f86a26bcc98f7a84a84f65a2abc27157ff2fef,,,CELO-USD,BUY,MARKET,0.688,300.0,0.0,206.4
2023-04-11 08:00:05.833108,2023-04-11 06:25:35.155000,5483.3,11/04/2023,06:25:35,24e076c8cda6ed2a10a794d0bb9bde5253ee4c8b21cb053361c81e4639a6d30,,,BCH-USD,BUY,MARKET,129.6,2.02,0.0,261.792
2023-04-11 08:00:05.833108,2023-04-11 07:40:42.637000,5483.3,11/04/2023,07:40:42,55801301f967c23eb336bade09e36307ce1641b3045b95309af78a94ad2f049,,,XTZ-USD,SELL,MARKET,1.125,200.0,0.0,-225.0
2023-04-11 08:00:05.833108,2023-04-11 06:17:08.798000,5483.3,11/04/2023,06:17:08,57d72a7d6e13d9851cc7a52011a629a038929f791b3ec9bb0e4ab1c290cecac,,,YFI-USD,SELL,MARKET,8754.0,0.029,0.0,-253.866
2023-04-11 08:00:05.833108,2023-04-11 03:47:18.205000,5483.3,11/04/2023,03:47:18,475643427c168838efae861c21f00753e21b429ce1de3d10eaf58898b32c9fa,,,ADA-USD,SELL,MARKET,0.399,600.0,0.0,-239.4
2023-04-11 08:00:05.833108,2023-04-11 06:15:20.153000,5483.3,11/04/2023,06:15:20,7fa9eb30918983ed5ff6930d8639247b0266d4567ce6ebd6235be3444e52128,,,FIL-USD,SELL,MARKET,6.08,43.9,0.0,-266.912
2023-04-15 00:53:08.186220,2023-04-11 08:07:42.786000,5212.2,11/04/2023,08:07:42,32b5f478388c3f9b3a48d278e5d6b31715d63aacc2c507b48a6f1c5b3c7a89c,180167b8-e27,OPEN,SOL-USD,SELL,MARKET,22.536,11.1,0.0,-250.1496
2023-04-15 00:53:08.186220,2023-04-11 16:46:04.057000,5212.2,11/04/2023,16:46:04,36443b0330d93072cc6bc7325e8fc57cad56ebc0e42c3f19397d75919570606,,,FIL-USD,SELL,MARKET,5.98,41.7,0.0,-249.36600000000004
2023-04-15 00:53:08.186220,2023-04-11 15:00:58.861000,5212.2,11/04/2023,15:00:58,38af0fe50628ac8e8fa27719945a9ff5bd5356b9fbaa654e296c194db5bd9f2,dde7d2db-983,OPEN,YFI-USD,SELL,MARKET,9143.0,0.0274,0.0,-250.5182
2023-04-15 00:53:08.186220,2023-04-11 08:28:21.297000,5212.2,11/04/2023,08:28:21,3a44189356f7034ac6aadc3e49e27c4520da2063785823e5316cfde490f61c6,af92b9ca-8c3,OPEN,CRV-USD,SELL,MARKET,1.0398,240.0,0.0,-249.552
2023-04-15 00:53:08.186220,2023-04-11 16:45:36.849000,5212.2,11/04/2023,16:45:36,3b1f588c1b3f8fd3772702c2da282a0f3ddfac524684265bbaaf080a70142a5,,,FIL-USD,BUY,MARKET,6.01,41.7,0.0,250.617
2023-04-15 00:53:08.186220,2023-04-11 08:01:47.769000,5212.2,11/04/2023,08:01:47,41fa7c12fc2a21007a355798b00daa68be0670502cf754be497ee4df09b363e,3204040e-850,OPEN,NEAR-USD,SELL,MARKET,2.092,119.2,0.0,-249.36640000000003
2023-04-15 00:53:08.186220,2023-04-11 08:02:09.175000,5212.2,11/04/2023,08:02:09,3272e0baed4c6da6d0b2a7363fd87582b61cce8a95d057d9fe00fa909ad7b6e,5e9b4da0-943,OPEN,ALGO-USD,BUY,MARKET,0.2232,1100.0,0.0,245.52
2023-04-15 00:53:08.186220,2023-04-11 08:27:59.928000,5212.2,11/04/2023,08:27:59,7004b6823910c87ae5b27a7a164cb16fe6b0e74c9c9c7b0a75ff47b05205a71,1cc6d058-ff2,OPEN,SUSHI-USD,BUY,MARKET,1.146,200.0,0.0,229.2
2023-04-15 00:53:08.186220,2023-04-11 08:07:21.190000,5212.2,11/04/2023,08:07:21,721bb1187babbb7de8d5c13e5c6186b62e54eafb41970b6bb582aedab06ef31,183e9bd9-b89,OPEN,XTZ-USD,BUY,MARKET,1.127,200.0,0.0,225.4
2023-04-15 00:53:08.186220,2023-04-11 10:56:11.160000,5212.2,11/04/2023,10:56:11,30f51e6cc81fb4ebff3084abd008a5c5de7566bcf8f97faf8319069d1512ed6,,,XLM-USD,SELL,MARKET,0.106,2400.0,0.0,-254.4
2023-04-15 00:53:08.186220,2023-04-11 14:00:24.036000,5212.2,11/04/2023,14:00:24,2b95225e8a668da4caef4ca09e91d8b7effb0215c8112620d52c33940728b8d,,,YFI-USD,SELL,MARKET,9047.0,0.0277,0.0,-250.6019
2023-04-15 00:53:08.186220,2023-04-11 15:01:20.303000,5212.2,11/04/2023,15:01:20,206ea0087317393fac8c22b59f63674497a8aa72a3e4b27f15d191beeeb61c0,e18c9415-cb1,OPEN,1INCH-USD,BUY,MARKET,0.545,400.0,0.0,218.00000000000003
2023-04-15 00:53:08.186220,2023-04-11 14:00:51.090000,5212.2,11/04/2023,14:00:51,077d2185285887f508daff1cf5f454bba87faa80128e327d07699c6734618e0,,,YFI-USD,BUY,MARKET,9055.0,0.0277,0.0,250.8235
2023-04-15 00:53:08.186220,2023-04-11 12:58:05.847000,5212.2,11/04/2023,12:58:05,11af875b89f6056863311b7aab85ca957e40aa6917c4e6e6b6608c1d42b6b6d,,,YFI-USD,BUY,MARKET,8843.0,0.0284,0.0,251.14120000000003
2023-04-15 00:53:08.186220,2023-04-11 12:57:40.505000,5212.2,11/04/2023,12:57:40,250c00af1c2906e78887cecec7f84a4e242358fd03783ac6d4de0cd6245c852,,,YFI-USD,SELL,MARKET,8815.0,0.0284,0.0,-250.346
2023-04-15 00:53:08.186220,2023-04-12 09:00:49.953000,5212.2,12/04/2023,09:00:49,7b8c72c2742390d11566de6dbe091d9937cb597b67712f48288a5f6148adf77,,,SUSHI-USD,SELL,MARKET,1.101,200.0,0.0,-220.2
2023-04-15 00:53:08.186220,2023-04-12 12:14:05.124000,5212.2,12/04/2023,12:14:05,6fdfddbbe5eb2af5fbc1ab35611c306249737f5b82dbacb9ee0ca11dd51a93c,,,SUSHI-USD,BUY,MARKET,1.104,200.0,0.0,220.8
2023-04-15 00:53:08.186220,2023-04-12 08:59:59.603000,5212.2,12/04/2023,08:59:59,6f618bd6fdd611a473fe497490222e6d598c0d98d32191ccdfb65dc59774f65,,,UMA-USD,SELL,MARKET,2.06,117.4,0.0,-241.844
2023-04-15 00:53:08.186220,2023-04-12 02:00:34.375000,5212.2,12/04/2023,02:00:34,784ee1f3e9752dd29ce2a658432086e9db64822c2327fae1ff462a376d7d0ef,4a0cacb1-c98,OPEN,EOS-USD,SELL,MARKET,1.218,200.0,0.0,-243.6
2023-04-15 00:53:08.186220,2023-04-12 12:14:32.541000,5212.2,12/04/2023,12:14:32,6b53e6a029fd321c1a6f92b5c289714717b375d2c92685113fa4baa942c0825,,,SUSHI-USD,SELL,MARKET,1.1,200.0,0.0,-220.00000000000003
2023-04-15 00:53:08.186220,2023-04-12 08:59:48.017000,5212.2,12/04/2023,08:59:48,63f62c474901e1e83c1c599684e14134a6aa66c219c6eb49b72d490ed98ee4e,,,LTC-USD,BUY,MARKET,91.8,2.58,0.0,236.844
2023-04-15 00:53:08.186220,2023-04-12 09:02:43.245000,5212.2,12/04/2023,09:02:43,6377963386b4cf9bbffd15a17c73f36f4511ff46a2716395f6eaa3fddbc0d30,,,LTC-USD,SELL,MARKET,91.4,2.72,0.0,-248.60800000000003
2023-04-15 00:53:08.186220,2023-04-12 02:00:12.941000,5212.2,12/04/2023,02:00:12,5fe44da8afdd1e5652eb7af129de18c8ece799b5a563c0eecf8a71821e7b674,39383c17-4b6,OPEN,TRX-USD,BUY,MARKET,0.0642,3900.0,0.0,250.38
2023-04-15 00:53:08.186220,2023-04-12 02:59:26.770000,5212.2,12/04/2023,02:59:26,5f6b869a37041fbd4db61e335a95a5e1116d1caa8d7f614a24b4ff26bd6048a,,,BCH-USD,SELL,MARKET,126.5,1.98,0.0,-250.47
2023-04-15 00:53:08.186220,2023-04-12 02:59:54.142000,5212.2,12/04/2023,02:59:54,5e5338faace053761f9191082da0342b2fc44c42b943759a4ac7a3cd38f153a,,,BCH-USD,BUY,MARKET,127.0,1.98,0.0,251.46
2023-04-15 00:53:08.186220,2023-04-12 10:00:49.855000,5212.2,12/04/2023,10:00:49,6ebe401214eb8dabca0cd3a91cc88b6e5695217ea469c2d849049fef7b6cb06,ae5a57f7-51f,OPEN,COMP-USD,BUY,MARKET,42.7,5.87,0.0,250.64900000000003
2023-04-15 00:53:08.186220,2023-04-12 02:37:15.478000,5212.2,12/04/2023,02:37:15,2ed7d57a40c5f4f2d6660f88e8c8068d0d985f6d565a2183a11df6bf9ae0513,,,BCH-USD,SELL,MARKET,126.3,1.97,0.0,-248.811
2023-04-15 00:53:08.186220,2023-04-12 13:02:28.428000,5212.2,12/04/2023,13:02:28,53b30381d59dbfa9957a3e1fd2532df1a2cb72d9b1b08c2489f809f77627c38,202ff6e6-16f,OPEN,UNI-USD,SELL,MARKET,5.891,42.3,0.0,-249.1893
2023-04-15 00:53:08.186220,2023-04-12 13:00:31.353000,5212.2,12/04/2023,13:00:31,295a11336760c091c6eba555fc87b5866ffac3f8e3cb086f3070346abb5e2d1,22348aa8-17d,OPEN,EOS-USD,BUY,MARKET,1.212,200.0,0.0,242.4
2023-04-15 00:53:08.186220,2023-04-12 13:02:06.922000,5212.2,12/04/2023,13:02:06,20d60bac96de5f3c78f38a3fa82055d7e4e2a63f51f3fc053d63fbdd3e04639,9782430a-8f9,OPEN,LTC-USD,BUY,MARKET,92.6,2.7,0.0,250.02
2023-04-15 00:53:08.186220,2023-04-12 02:37:42.907000,5212.2,12/04/2023,02:37:42,7edba60e78b8bc4e2bf44bfd46944ca57a74b014831f892ca75ea13cde86725,,,BCH-USD,BUY,MARKET,126.8,1.97,0.0,249.796
2023-04-15 00:53:08.186220,2023-04-12 09:00:24.927000,5212.2,12/04/2023,09:00:24,199eacfc3d8b0c7ffdf667a2cfcc603fe79cebcb7771b12aa74f71917e2d60e,,,TRX-USD,SELL,MARKET,0.0637,3900.0,0.0,-248.43000000000004
2023-04-15 00:53:08.186220,2023-04-12 09:02:15.882000,5212.2,12/04/2023,09:02:15,442f45a0d22f81b1a869742ac50ad53063bbee2b47d31ddc89135839b5f0ac6,,,LTC-USD,BUY,MARKET,91.8,2.72,0.0,249.696
2023-04-15 00:53:08.186220,2023-04-12 13:00:52.575000,5212.2,12/04/2023,13:00:52,44c9080af31f4ba842860c439f1fd0374e428c46fe66af1d9d8ecedd42e3bb6,78aad060-02c,OPEN,SUSHI-USD,SELL,MARKET,1.122,200.0,0.0,-224.40000000000003
2023-04-15 00:53:08.186220,2023-04-12 09:00:39.715000,5212.2,12/04/2023,09:00:39,3e76e195f2714e7e3daa47343d4df433b8ee41931cd64fc1808de4c161884ed,,,CRV-USD,BUY,MARKET,0.9907,240.0,0.0,237.768
2023-04-15 00:53:08.186220,2023-04-12 09:01:43.997000,5212.2,12/04/2023,09:01:43,1c8add095c6b3b6d50c2d9d6ed9d14689985c1e40b3618ae9713803952df588,,,COMP-USD,BUY,MARKET,42.6,5.73,0.0,244.098
2023-04-15 00:53:08.186220,2023-04-12 09:00:14.243000,5212.2,12/04/2023,09:00:14,4f5941a21c18749a6573a5c8363d5f0da8741e89d60f2ad993b0131998c6786,,,EOS-USD,BUY,MARKET,1.203,200.0,0.0,240.6
2023-04-15 00:53:08.186220,2023-04-12 10:01:11.279000,5212.2,12/04/2023,10:01:11,527e742fb11cc4c70458d2ecb3f597d0e15074cfb5db1579214e5d907310c9d,7f92cb09-c0a,OPEN,UMA-USD,SELL,MARKET,2.08,119.6,0.0,-248.768
2023-04-15 00:53:08.186220,2023-04-12 09:01:32.019000,5212.2,12/04/2023,09:01:32,3cd85d69e81f76a4776611f76092db9c1fc4e498a7b3f12ec93d62d3e8a889c,,,MATIC-USD,SELL,MARKET,1.0884,200.0,0.0,-217.68
2023-04-15 00:53:08.186220,2023-04-14 10:58:45.235000,5212.2,14/04/2023,10:58:45,64a6e3adfb026a7f946a8f3fa70116e137e5c50c6d1c36bc8e3509fa9fe0e4f,,,RUNE-USD,BUY,MARKET,1.685,100.0,0.0,168.5
2023-04-15 00:53:08.186220,2023-04-14 10:58:54.749000,5212.2,14/04/2023,10:58:54,0bf83da1618e6a69d6ca6ce79bc26b53847ac2aba754df871b75bf3312abe50,,,ENJ-USD,SELL,MARKET,0.44,589.0,0.0,-259.16
2023-04-15 00:53:08.186220,2023-04-14 10:59:30.702000,5212.2,14/04/2023,10:59:30,38e3800a82baf5d2ad66f5006cd3abfa61774ace4ebb95f3d40192389db58cf,,,YFI-USD,BUY,MARKET,9296.0,0.0274,0.0,254.7104
2023-04-15 00:53:08.186220,2023-04-14 11:00:04.616000,5212.2,14/04/2023,11:00:04,2178f6627d7b05bca04b0ecd33b21c166acf398aa4f049013c8e70b74a54ea1,,,AVAX-USD,BUY,MARKET,19.17,13.7,0.0,262.629
2023-04-15 00:53:08.186220,2023-04-14 10:59:53.336000,5212.2,14/04/2023,10:59:53,1a579af794d66c9d1fb33594f87f98282533333d0e258d58cb7a86e65ad8f9f,,,ETH-USD,SELL,MARKET,2114.3,0.13,0.0,-274.85900000000004
2023-04-15 00:53:08.186220,2023-04-14 10:58:17.700000,5212.2,14/04/2023,10:58:17,7cefc7a0a0785ff2f9dbfd7a1252fe2c516aa6038dc95cef92d18b60de96e99,,,UMA-USD,BUY,MARKET,2.14,119.6,0.0,255.944
2023-04-15 00:53:08.186220,2023-04-14 10:59:14.023000,5212.2,14/04/2023,10:59:14,2f414e435d483443415b4ba636d441097d79e4e44c8c1718c34f97dc582be60,,,1INCH-USD,SELL,MARKET,0.563,400.0,0.0,-225.2
2023-04-15 00:53:08.186220,2023-04-14 10:58:31.507000,5212.2,14/04/2023,10:58:31,1d23d0b1db745ab22793863ff6de1cb98d3009449ddfe5a9fc03b4632169b68,,,COMP-USD,SELL,MARKET,44.9,5.87,0.0,-263.563
2023-04-15 01:20:07.674699,2023-04-15 00:58:00.808000,5176.32,15/04/2023,00:58:00,12900588f95f52b9fcbd0770fbd2f0aeca1e9bc6ba7f178d313f7714cab8a9b,79cb08c8-db2,OPEN,AVAX-USD,SELL,MARKET,19.15,13.0,0.0,-248.95
2023-04-15 01:20:07.674699,2023-04-15 00:58:22.454000,5176.32,15/04/2023,00:58:22,5f0f1860e9fe7ceb6928a07a3ef58eba62d983e117c9b0d71130cb026be5e2e,444db783-a07,OPEN,ETH-USD,BUY,MARKET,2091.0,0.12,0.0,250.92
2023-04-15 02:20:07.695631,2023-04-15 01:44:41.806000,5126.98,15/04/2023,01:44:41,6463b0277be3890d31f16046e417f7ca795de913a48887f3ffdaa84388c0be8,dd4b8633-c26,OPEN,COMP-USD,SELL,MARKET,44.5,5.61,0.0,-249.645
2023-04-15 02:20:07.695631,2023-04-15 01:45:03.277000,5126.98,15/04/2023,01:45:03,27620369907dde942aa111b5d1a211ac8c06b5de59ebcce8789320f10e941c1,90892856-2d8,OPEN,MATIC-USD,BUY,MARKET,1.1496,200.0,0.0,229.92
2023-04-15 14:20:07.614317,2023-04-15 14:15:48.328000,5152.41,15/04/2023,14:15:48,4a5fcffa330016f4dd54f14a74e694f7bba813f4c373ff9b8a8729f59c38182,,,COMP-USD,BUY,MARKET,45.2,5.61,0.0,253.57200000000003
2023-04-15 14:20:07.614317,2023-04-15 14:15:39.725000,5152.41,15/04/2023,14:15:39,6bbedd6c72829f534660a4b27427711364752913d8ddb239daf934723e31df9,,,MATIC-USD,SELL,MARKET,1.1719,200.0,0.0,-234.38
2023-04-15 17:20:08.164058,2023-04-15 16:39:44.958000,5199.57,15/04/2023,16:39:44,6fcc6d2d6c4e1e888fdbad0cb04e058612e21bc033711742c19ed7a6ad6a12a,,,AVAX-USD,BUY,MARKET,19.25,13.0,0.0,250.25
2023-04-15 17:20:08.164058,2023-04-15 16:24:37.749000,5199.57,15/04/2023,16:24:37,2f6932445794e0dfe4d6c761ef373dad7f360e67e98a47ed5c78a46e7f1225d,,,FIL-USD,BUY,MARKET,6.32,39.8,0.0,251.536
2023-04-15 17:20:08.164058,2023-04-15 16:24:10.467000,5199.57,15/04/2023,16:24:10,3e156174ab5952eb7cf9be7b4ea521057410c40e7e85afb56f2b5bcf00a9baa,,,FIL-USD,SELL,MARKET,6.3,39.8,0.0,-250.74
2023-04-15 17:20:08.164058,2023-04-15 16:39:29.470000,5199.57,15/04/2023,16:39:29,53f628929b78f94ccd91e6ea728c5d1900cf639e7c842bf73fe6b0ae11bf01c,,,ETH-USD,SELL,MARKET,2104.1,0.12,0.0,-252.492
2023-04-15 18:20:07.373677,2023-04-15 17:47:48.158000,5148.99,15/04/2023,17:47:48,049eea7f8579f6a32383782a00461af9f54eb49ebf0070063f657cb3cc8212d,,,COMP-USD,SELL,MARKET,44.9,5.56,0.0,-249.644
2023-04-15 18:20:07.373677,2023-04-15 17:24:30.639000,5148.99,15/04/2023,17:24:30,5f39e6004c3b0fddc9265e1bc97e1e8ed5d816ba2625b4ec23a11f71d23b40c,177fa403-7ee,OPEN,YFI-USD,BUY,MARKET,9209.0,0.0271,0.0,249.5639
2023-04-15 18:20:07.373677,2023-04-15 17:47:21.112000,5148.99,15/04/2023,17:47:21,5be71988a57a8bcb44a756c5094eaeb827a3295a026616b15a178d11a33cfbe,,,COMP-USD,BUY,MARKET,45.1,5.56,0.0,250.756
2023-04-15 18:20:07.373677,2023-04-15 17:24:09.287000,5148.99,15/04/2023,17:24:09,281b3c38f15c90928b7bc6b0f018954f219081fea9613a4929cd42502608bb3,823cf381-c6f,OPEN,FIL-USD,SELL,MARKET,6.29,39.6,0.0,-249.084
2023-04-15 19:20:07.766027,2023-04-15 18:33:51.292000,5104.92,15/04/2023,18:33:51,5291d33f4ca7913fd77ce9221fecb0e3525d1356714db86626b7248588bcde4,540d3e38-59a,OPEN,AVAX-USD,BUY,MARKET,19.18,13.1,0.0,251.258
2023-04-15 19:20:07.766027,2023-04-15 18:33:29.978000,5104.92,15/04/2023,18:33:29,0d04aa05fe6fd69d00d47d597d855be4fbca9f8b7b890f36c3c27cd6302038f,e42c9d97-8ba,OPEN,COMP-USD,SELL,MARKET,45.6,5.48,0.0,-249.88800000000003
2023-04-16 01:20:07.779017,2023-04-16 00:56:03.771000,5161.6,16/04/2023,00:56:03,7ecf9c3f07f7794d70be12731737a2f2a4a1a3a27c9ee91b351f2fe12060750,,,COMP-USD,BUY,MARKET,45.1,5.54,0.0,249.854
2023-04-16 01:20:07.779017,2023-04-16 00:53:20.085000,5161.6,16/04/2023,00:53:20,0f3dbc482f9e572012b9e876bf3e2415e309b369cdca9a1758548e81a54981b,,,AVAX-USD,SELL,MARKET,19.09,13.1,0.0,-250.079
2023-04-16 01:20:07.779017,2023-04-16 00:56:30.822000,5161.6,16/04/2023,00:56:30,72e4d9f60d3dea00be39b29e953bb979bc3a54e5f5b07319d5d87e606b7e681,,,COMP-USD,SELL,MARKET,45.0,5.54,0.0,-249.3
2023-04-16 01:20:07.779017,2023-04-16 00:53:36.577000,5161.6,16/04/2023,00:53:36,0bfeebb517db6987f3860bd30a7b2cc749b48da9e4f801edd6fe3cf47cb2d00,,,COMP-USD,BUY,MARKET,45.1,5.48,0.0,247.148
2023-04-16 06:20:07.570731,2023-04-16 05:37:45.130000,5154.68,16/04/2023,05:37:45,340d17c977011e696e58c95e2b36f08e043fdc847dc1456bf7e4dcb02ef4655,,,COMP-USD,SELL,MARKET,45.2,5.52,0.0,-249.504
2023-04-16 06:20:07.570731,2023-04-16 05:38:12.425000,5154.68,16/04/2023,05:38:12,4c771f8af4937ffb3848e1547b10cc151ffc822f4d787cfd81dd81a2f9ce769,,,COMP-USD,BUY,MARKET,45.5,5.52,0.0,251.16
2023-04-16 07:20:07.306533,2023-04-16 06:24:35.138000,5154.92,16/04/2023,06:24:35,4f04497fc71a3b6c0837e11b0e137671678f058610343a2713b1bb33e01a001,,,COMP-USD,SELL,MARKET,45.3,5.5200000000000005,0.0,-250.056
2023-04-16 07:20:07.306533,2023-04-16 06:25:02.042000,5154.92,16/04/2023,06:25:02,2f58b000f3ff48fab26a5ab40a53192340dc554e2e808987eb0f37ca498fb44,,,COMP-USD,BUY,MARKET,45.6,5.52,0.0,251.712
2023-04-16 08:20:07.931818,2023-04-16 07:22:54.880000,5151.65,16/04/2023,07:22:54,5a5312e5e9df3be20c40578de41ca6e8baffe3e5cecbd288827857fa41e91bc,,,COMP-USD,BUY,MARKET,45.8,5.48,0.0,250.984
2023-04-16 08:20:07.931818,2023-04-16 07:22:29.364000,5151.65,16/04/2023,07:22:29,1a9e4010b5303aa7d6ffbaa9bbc91090a32575355195036377934ae213223d2,,,COMP-USD,SELL,MARKET,45.6,5.48,0.0,-249.88800000000003
2023-04-16 09:20:07.236060,2023-04-16 08:24:25.902000,5096.38,16/04/2023,08:24:25,148a4a2b07ed8b0eeb805ea32d80022f4c5ed7d764131691ceef3c9c31d8870,22a35bac-fd1,OPEN,COMP-USD,SELL,MARKET,45.7,5.47,0.0,-249.979
2023-04-16 09:20:07.236060,2023-04-16 08:24:47.091000,5096.38,16/04/2023,08:24:47,756c337f40502a6bc027612510d03d0e6e2a4706be4cc1238786e195ec2503b,35e63843-a05,OPEN,MATIC-USD,BUY,MARKET,1.1647,200.0,0.0,232.94000000000003
2023-04-16 10:20:07.484197,2023-04-16 09:40:56.987000,5069.1,16/04/2023,09:40:56,13d436496f6a2017ddee95afbc9fec266cf2ad869e6c558ea1c3849761124c8,32be0790-3b0,OPEN,AVAX-USD,SELL,MARKET,19.29,12.9,0.0,-248.841
2023-04-16 10:20:07.484197,2023-04-16 09:41:18.133000,5069.1,16/04/2023,09:41:18,5d51ad690d8e3bec025048d65da96727fe8bb13358a15ff9cc28a0919141628,44b3054d-599,OPEN,ETH-USD,BUY,MARKET,2096.5,0.119,0.0,249.4835
2023-04-16 15:20:05.028166,2023-04-16 14:30:20.187000,5210.33,16/04/2023,14:30:20,10f0fed5a1fa75fe89ac595e91a9403bf4fa417168ef05075aa47c89320fd36,,,COMP-USD,BUY,MARKET,44.9,5.47,0.0,245.603
2023-04-16 15:20:05.028166,2023-04-16 14:31:18.228000,5210.33,16/04/2023,14:31:18,753af7daeee11ae3a348045ef53f8846d01ebbb2e503d07ec7ed5d4729cac16,29f71c21-59a,OPEN,LTC-USD,SELL,MARKET,97.9,2.55,0.0,-249.645
2023-04-16 15:20:05.028166,2023-04-16 14:33:13.849000,5210.33,16/04/2023,14:33:13,0e46a9a3806dcf932cb0db1be949c7fe870ee83f0cae24efbfd878aa7b75c60,,,YFI-USD,SELL,MARKET,9103.0,0.0271,0.0,-246.6913
2023-04-16 15:20:05.028166,2023-04-16 14:31:05.679000,5210.33,16/04/2023,14:31:05,65c91002014a5d30c8902b487ba6d4ef898104f901f4949d9ecf845cd620aa8,,,UNI-USD,BUY,MARKET,6.236,42.3,0.0,263.78279999999995
2023-04-16 15:20:05.028166,2023-04-16 14:30:36.058000,5210.33,16/04/2023,14:30:36,24bdc30adca12f6e050e2507f7bbb68dec5eb20f4cfe65afcc414c3b13c6a69,,,AVAX-USD,BUY,MARKET,19.1,12.9,0.0,246.39
2023-04-16 15:20:05.028166,2023-04-16 14:30:11.959000,5210.33,16/04/2023,14:30:11,611a3c5414a45a9b10209c8f2b1611cc589bbc763d6edaf0873075dc63f16c5,,,MATIC-USD,SELL,MARKET,1.1529,200.0,0.0,-230.58
2023-04-16 15:20:05.028166,2023-04-16 14:30:27.838000,5210.33,16/04/2023,14:30:27,33f124e20d62be678245a98480edbb5d51f84eb03aa50f26f11f4c6d81c0530,,,ETH-USD,SELL,MARKET,2085.8,0.119,0.0,-248.2102
2023-04-16 15:20:05.028166,2023-04-16 14:33:21.744000,5210.33,16/04/2023,14:33:21,346313676a563efe08d0dedfa73fe01e6dc41dbd1decae3dc406c01cd2c968c,,,FIL-USD,BUY,MARKET,6.27,39.6,0.0,248.292
2023-04-16 15:20:05.028166,2023-04-16 14:31:13.529000,5210.33,16/04/2023,14:31:13,3b428b991c583ba9c0f49e17aa4f6c78753489e422e8517c46c3ccb97259513,,,LTC-USD,SELL,MARKET,97.9,2.7,0.0,-264.33000000000004
2023-04-16 15:20:05.028166,2023-04-16 14:31:39.414000,5210.33,16/04/2023,14:31:39,3d7239d9a009f7ad65582cc8ea5aad3928dda83e8a33e20765a69f865a94410,4aa31ff1-42a,OPEN,AVAX-USD,BUY,MARKET,19.1,13.1,0.0,250.21
2023-04-16 20:20:05.222489,2023-04-16 20:07:41.763000,5097.02,16/04/2023,20:07:41,6c2f367299bfddcc6eab0b2b73844b9d98b13cc8a74797aa88fbe7d45237f71,71ef69ec-60a,OPEN,1INCH-USD,SELL,MARKET,0.571,800.0,0.0,-456.8
2023-04-16 20:20:05.222489,2023-04-16 19:37:32.652000,5097.02,16/04/2023,19:37:32,1327c36a4705ba01f46e50e18ef7d0fc657930fa8a58351494a7cec324a1ed2,,,UMA-USD,BUY,MARKET,2.16,232.6,0.0,502.416
2023-04-16 20:20:05.222489,2023-04-16 19:38:00.008000,5097.02,16/04/2023,19:38:00,60ed204ea71a1cd7234c3eb5954079178c654d230287090250d3ef6313ea6ea,,,UMA-USD,SELL,MARKET,2.15,232.6,0.0,-500.09
2023-04-16 20:20:05.222489,2023-04-16 20:07:20.673000,5097.02,16/04/2023,20:07:20,5f8841fa39d88e8c9745c7eccc4a18b10b7eb1f43723a49d0171dc00433512f,da4ec1c3-818,OPEN,UMA-USD,BUY,MARKET,2.13,235.8,0.0,502.254
2023-04-16 21:20:05.211219,2023-04-16 20:33:54.202000,5088.83,16/04/2023,20:33:54,59d566e12b20464039382dcd9ee461816c3aa43dbcdb4a82010c6123ff3abfc,,,SNX-USD,BUY,MARKET,2.846,100.0,0.0,284.6
2023-04-16 21:20:05.211219,2023-04-16 20:33:26.950000,5088.83,16/04/2023,20:33:26,2722ee504028508554a208fc64ee4d679fce0f441cf7981da26cd94083747f3,,,SNX-USD,SELL,MARKET,2.836,100.0,0.0,-283.6
2023-04-16 22:20:05.464133,2023-04-16 21:33:24.174000,5087.08,16/04/2023,21:33:24,43b81caf0c32aeebff6816bc3312b2e1a4dc0969bbc695feabed2fd92f25931,,,SNX-USD,SELL,MARKET,2.864,100.0,0.0,-286.4
2023-04-16 22:20:05.464133,2023-04-16 21:33:51.287000,5087.08,16/04/2023,21:33:51,1851f5eadee29c2cc763ff14873077a7b9249a6e04b19966fe045c3cd62c74e,,,SNX-USD,BUY,MARKET,2.87,100.0,0.0,287.0
2023-04-16 23:20:05.104513,2023-04-16 23:17:56.758000,5140.88,16/04/2023,23:17:56,695a7b2fa08ebeeb51cb0aae070f38a0682b408f0cd4d47a5601d3e5760f59a,,,FIL-USD,BUY,MARKET,6.37,78.7,0.0,501.319
2023-04-16 23:20:05.104513,2023-04-16 23:17:38.229000,5140.88,16/04/2023,23:17:38,783855bd10366c7ffd54fdf67f0add97ca5a0e0c86e6c53b2d069b81bf2c7cb,,,LTC-USD,BUY,MARKET,100.8,2.55,0.0,257.04
2023-04-16 23:20:05.104513,2023-04-16 23:18:24.038000,5140.88,16/04/2023,23:18:24,14a0669b9d02ec56667dafa0d4528173c45d99262810853c71d386ab1b3fe8d,,,FIL-USD,SELL,MARKET,6.34,78.7,0.0,-498.958
2023-04-16 23:20:05.104513,2023-04-16 23:17:27.039000,5140.88,16/04/2023,23:17:27,2688bf50d71d636473b14788d9d36ca33a07bd1af275b4d83bad9f661584d41,,,AVAX-USD,SELL,MARKET,20.28,13.1,0.0,-265.668
2023-04-17 00:20:05.750389,2023-04-16 23:34:25.784000,5049.68,16/04/2023,23:34:25,7cebf93eead5923750ae4d1d381d8de3e4d82781f74638b34b964c2977c51b0,d8b67dc4-845,OPEN,AVAX-USD,SELL,MARKET,20.18,24.7,0.0,-498.446
2023-04-17 00:20:05.750389,2023-04-16 23:34:04.460000,5049.68,16/04/2023,23:34:04,36df7ec99fa4b1b3fd9f0f15dc1f1e6deb543a6a9aeefca217cdd0d65b5a9d7,0dab71fb-f5e,OPEN,BCH-USD,BUY,MARKET,134.8,3.7,0.0,498.7600000000001
2023-04-17 01:20:05.903667,2023-04-17 00:38:09.847000,4925.46,17/04/2023,00:38:09,2c596e8eaba164f4b3d93e45ff36270563e362a7040d9596eca2cda76dcd535,3b33dc04-bd5,OPEN,UNI-USD,BUY,MARKET,6.189,80.8,0.0,500.0712
2023-04-17 01:20:05.903667,2023-04-17 00:38:31.052000,4925.46,17/04/2023,00:38:31,64769d4493e5af1618182edeb8a1ee3cf3440fc4fdc146f5d9db2c9bc2f665c,d91a518d-c79,OPEN,MATIC-USD,SELL,MARKET,1.1652,400.0,0.0,-466.08
2023-04-17 03:20:05.132821,2023-04-17 02:53:14.893000,4766.01,17/04/2023,02:53:14,6de3c6a06c8a643a03a8adeb313d2abd749d9c7d236f6928922a575c34b4dfb,2daef421-495,OPEN,SNX-USD,SELL,MARKET,2.831,100.0,0.0,-283.1
2023-04-17 03:20:05.132821,2023-04-17 02:53:36.378000,4766.01,17/04/2023,02:53:36,6035bd5cb1410ca52e392111547979bdc2f4ddb36463a746405686d50007efb,4106cd3e-775,OPEN,DOGE-USD,BUY,MARKET,0.0896,5500.0,0.0,492.8
2023-04-17 03:20:05.132821,2023-04-17 03:04:24.795000,4766.01,17/04/2023,03:04:24,2abf6d74afcc128569d4698434917a087603e8185280566f3f1aa0dea1d9fda,7b05f7db-789,OPEN,ETH-USD,SELL,MARKET,2099.9,0.238,0.0,-499.7762
2023-04-17 03:20:05.132821,2023-04-17 03:04:03.407000,4766.01,17/04/2023,03:04:03,5aa7dbebce91ed7452268e9ef955f2577a6050d4a069d50befd0b927ab2e2de,7714814c-697,OPEN,FIL-USD,BUY,MARKET,6.28,80.3,0.0,504.284
2023-04-17 10:20:05.086467,2023-04-17 09:52:46.178000,4982.81,17/04/2023,09:52:46,7abffdc42cced5090d268280d2bb506f3973b0c97d485ad5319c4acbe96a748,,,DOGE-USD,SELL,MARKET,0.0938,5500.0,0.0,-515.9
2023-04-17 10:20:05.086467,2023-04-17 09:54:40.549000,4982.81,17/04/2023,09:54:40,71d56535b10e0af9eaf96513a001ca3299d8e259a5e24e21c48dcb75ac0f050,,,DOGE-USD,BUY,MARKET,0.0944,5300.0,0.0,500.32
2023-04-17 10:20:05.086467,2023-04-17 09:52:55.762000,4982.81,17/04/2023,09:52:55,05aa3ad04e8dcb162fae961937bcbba9ae304cd71aba5d6fea94e92f27e778a,,,SNX-USD,BUY,MARKET,2.748,100.0,0.0,274.8
2023-04-17 10:20:05.086467,2023-04-17 09:53:13.125000,4982.81,17/04/2023,09:53:13,0ef6be08502d2e3eede9c7f0078dca3dad68b99d9d3c7630f1677c60370bafa,,,1INCH-USD,BUY,MARKET,0.564,800.0,0.0,451.19999999999993
2023-04-17 10:20:05.086467,2023-04-17 09:53:58.713000,4982.81,17/04/2023,09:53:58,2222bdf22f5cdf0f386f9db496f020d64dc0cbfb3b35aa472a144c0b0df78cd,7ebecdb1-a2d,OPEN,SNX-USD,BUY,MARKET,2.748,100.0,0.0,274.8
2023-04-17 10:20:05.086467,2023-04-17 09:53:23.131000,4982.81,17/04/2023,09:53:23,141c70626d3cf3e344374409dee47e23de34ed4ab1e4de1c86ca946c59ef072,,,UMA-USD,SELL,MARKET,2.11,235.8,0.0,-497.538
2023-04-17 10:20:05.086467,2023-04-17 09:56:11.835000,4982.81,17/04/2023,09:56:11,46959fe0650c3df76a290d3e47bc971f4c486e01cf07aaafcb4b5ca0cfa6f9b,,,SNX-USD,SELL,MARKET,2.739,99.0,0.0,-271.161
2023-04-17 10:20:05.086467,2023-04-17 09:54:20.299000,4982.81,17/04/2023,09:54:20,00ae5fecaff9821dfcb7dc5fcbee35aa74ee329011e53f9d60f7fc6ce6dc848,a8ca7a6d-830,OPEN,DOGE-USD,SELL,MARKET,0.094,5300.0,0.0,-498.2
2023-04-17 12:20:05.184865,2023-04-17 12:02:03.395000,4868.88,17/04/2023,12:02:03,168d99a1cc66be928c1fc854353393ebeb6c2178cca92b37b20f84d717f18e1,fef8fe64-cad,OPEN,XLM-USD,SELL,MARKET,0.1046,4700.0,0.0,-491.62
2023-04-17 12:20:05.184865,2023-04-17 12:02:23.489000,4868.88,17/04/2023,12:02:23,37cbdf2c1cf0e7e307210ec2261555b7a82d5e2e3a6d0899cd9e0906f0c8767,c55b322a-e28,OPEN,1INCH-USD,BUY,MARKET,0.558,900.0,0.0,502.2000000000001
2023-04-17 14:20:05.442205,2023-04-17 13:53:13.775000,4747.09,17/04/2023,13:53:13,21a66ff09fa61051bdffbca186acfd7e311de6947e6fcaa6b8a7c0e7e04d478,97acc76a-0e2,OPEN,LTC-USD,SELL,MARKET,99.1,5.05,0.0,-500.4549999999999
2023-04-17 14:20:05.442205,2023-04-17 13:52:52.381000,4747.09,17/04/2023,13:52:52,24ac4d3b9282c2bdce696c1a286508b035a77dc4d1d62cc9e703db5fb33840e,7d12ad3d-c20,OPEN,COMP-USD,BUY,MARKET,45.1,11.16,0.0,503.316
2023-04-17 23:20:05.619058,2023-04-17 23:16:24.050000,4685.27,17/04/2023,23:16:24,46ebfafb2da5382195e9ff5279c0ee52eb964917c6ba28dbdbf382a85001a15,7feb209e-2e3,OPEN,UMA-USD,SELL,MARKET,2.1,238.1,0.0,-500.01
2023-04-17 23:20:05.619058,2023-04-17 23:16:02.529000,4685.27,17/04/2023,23:16:02,0f4e1bda4b867789bfd5dda8c961fbf031f63057e186bcfea02c42039416e83,b80fa0b7-ddf,OPEN,YFI-USD,BUY,MARKET,8998.0,0.056,0.0,503.888
2023-04-18 12:20:05.847665,2023-04-18 11:41:30.703000,4735.41,18/04/2023,11:41:30,2aacbdf66a6d548091a10302c4a30bfaa1c4d046a3a706eb9ddd3b03729f8c6,,,1INCH-USD,SELL,MARKET,0.576,900.0,0.0,-518.4
2023-04-18 12:20:05.847665,2023-04-18 11:41:40.365000,4735.41,18/04/2023,11:41:40,322d4fd311b6b4d6a87cf4e69e74081ba051189444c054fb8c5af39cc303c7c,,,XLM-USD,BUY,MARKET,0.1058,4700.0,0.0,497.2600000000001
2023-04-18 12:20:05.847665,2023-04-18 11:41:53.158000,4735.41,18/04/2023,11:41:53,7b166cd38edc21baa66d5416d1b995d22c515119d57e04daa8b0e2b4f96965f,,,SNX-USD,SELL,MARKET,2.962,1.0,0.0,-2.962
2023-04-18 13:20:05.586025,2023-04-18 13:19:53.834000,4806.89,18/04/2023,13:19:53,43dada81d960a218b37a13c5a2d45e1c406102db5cd6179662769537286325c,,,DOGE-USD,SELL,MARKET,0.0932,5300.0,0.0,-493.96
2023-04-18 13:20:05.586025,2023-04-18 12:53:36.656000,4806.89,18/04/2023,12:53:36,0682ec9d02092b868411bf6c3928864a63b1b5fbeae86959b43bfcc75ab3a57,01173bc8-918,OPEN,SNX-USD,SELL,MARKET,2.952,100.0,0.0,-295.2
2023-04-18 13:20:05.586025,2023-04-18 12:53:57.980000,4806.89,18/04/2023,12:53:57,270962bdba758c4fde19e70309c18db6e49d81d12f4b773f354024213bde9e9,6f192273-8b6,OPEN,DOGE-USD,BUY,MARKET,0.0935,5300.0,0.0,495.55
2023-04-18 13:20:05.586025,2023-04-18 12:52:36.405000,4806.89,18/04/2023,12:52:36,280844f1cb0e19afc24b0aa8993644be83e85d4728f7fd8f183caf3a708b141,,,MATIC-USD,BUY,MARKET,1.1788,400.0,0.0,471.52
2023-04-18 13:20:05.586025,2023-04-18 12:52:45.559000,4806.89,18/04/2023,12:52:45,423778dc5eb30c6ed227cc55731ad109c23204c0aa074654e8c9465289795ae,,,UNI-USD,SELL,MARKET,6.292,80.8,0.0,-508.3936
2023-04-18 14:20:05.153467,2023-04-18 13:20:08.904000,4744.41,18/04/2023,13:20:08,6ccca9eb42a972293e98933075d0aaf9f6f9e54f6b04214ad3ba88b1427be54,,,SNX-USD,BUY,MARKET,2.98,99.0,0.0,295.02
2023-04-18 14:20:05.153467,2023-04-18 13:24:00.624000,4744.41,18/04/2023,13:24:00,09f82c45ccfd35282581041ac394422952523c374431e92688514ae57cb6828,a83af917-3cf,OPEN,MATIC-USD,BUY,MARKET,1.1748,400.0,0.0,469.92
2023-04-18 14:20:05.153467,2023-04-18 13:23:39.340000,4744.41,18/04/2023,13:23:39,4620764bfd7172eb171fd1cd4c863e2567e131c544c2d7d355ecc04c4fb057b,c0895f68-2a7,OPEN,UNI-USD,SELL,MARKET,6.297,79.2,0.0,-498.7224
2023-04-18 16:20:05.202931,2023-04-18 15:43:39.392000,4659.07,18/04/2023,15:43:39,68d6c075bfa6fd58d5f9b7d54fb7d39b88c80226977212633123688520ef741,6cc828f6-a74,OPEN,ZRX-USD,BUY,MARKET,0.296,1600.0,0.0,473.6
2023-04-18 16:20:05.202931,2023-04-18 15:44:00.802000,4659.07,18/04/2023,15:44:00,5199e19220c60a2e17e7de34aff42b1e9381a8a3b695e4011bce5048c50158b,4ba14b52-b08,OPEN,DOGE-USD,SELL,MARKET,0.0942,5200.0,0.0,-489.84
2023-04-18 18:20:05.102125,2023-04-18 17:58:24.424000,4676.19,18/04/2023,17:58:24,058d0d7133b59b5c4e65c14ee8185d65a9a5321c64a69ed282288374acd7b39,,,ZRX-USD,SELL,MARKET,0.299,1600.0,0.0,-478.4
2023-04-18 18:20:05.102125,2023-04-18 17:56:57.397000,4676.19,18/04/2023,17:56:57,75f0036f302868354a97f9d4687f505e96af2f0ba8c67697f2911ff239dbf5e,,,ZRX-USD,SELL,MARKET,0.298,1600.0,0.0,-476.8
2023-04-18 18:20:05.102125,2023-04-18 17:58:45.757000,4676.19,18/04/2023,17:58:45,262c3b93368b50d6c2c1407747dcdfa2887c4ca62338d4c2e022eaea88a7d39,,,DOGE-USD,BUY,MARKET,0.0921,5400.0,0.0,497.34
2023-04-18 18:20:05.102125,2023-04-18 17:56:59.664000,4676.19,18/04/2023,17:56:59,23cc426e1251eeaf366c315dc5ea9bcc99944b165b893dad6d61f5e8d36c550,,,DOGE-USD,BUY,MARKET,0.0921,5200.0,0.0,478.92
now_timestamp,created_timestamp,balance,created_date,created_time,order_id,pair_id,pair_status,market,side,type,price,size,fee,amount
19-04-2023 04:07:49,15-04-2023 17:24:09,4666.53,15/04/2023,17:24:09,281b3c38f15c90928b7bc6b0f018954f219081fea9613a4929cd42502608bb3,0220a43c-513,OPEN,FIL-USD,SELL,MARKET,6.29,39.6,0.0,-249.084
19-04-2023 04:07:49,15-04-2023 17:47:48,4666.53,15/04/2023,17:47:48,049eea7f8579f6a32383782a00461af9f54eb49ebf0070063f657cb3cc8212d,,,COMP-USD,SELL,MARKET,44.9,5.56,0.0,-249.64399999999998
19-04-2023 04:07:49,15-04-2023 18:33:29,4666.53,15/04/2023,18:33:29,0d04aa05fe6fd69d00d47d597d855be4fbca9f8b7b890f36c3c27cd6302038f,c9844ed9-a4c,OPEN,COMP-USD,SELL,MARKET,45.6,5.48,0.0,-249.88800000000003
19-04-2023 04:07:49,15-04-2023 18:33:51,4666.53,15/04/2023,18:33:51,5291d33f4ca7913fd77ce9221fecb0e3525d1356714db86626b7248588bcde4,c9844ed9-a4c,OPEN,AVAX-USD,BUY,MARKET,19.18,13.1,0.0,251.25799999999998
19-04-2023 04:07:49,15-04-2023 17:24:30,4666.53,15/04/2023,17:24:30,5f39e6004c3b0fddc9265e1bc97e1e8ed5d816ba2625b4ec23a11f71d23b40c,0220a43c-513,OPEN,YFI-USD,BUY,MARKET,9209.0,0.0271,0.0,249.5639
19-04-2023 04:07:49,15-04-2023 17:47:21,4666.53,15/04/2023,17:47:21,5be71988a57a8bcb44a756c5094eaeb827a3295a026616b15a178d11a33cfbe,,,COMP-USD,BUY,MARKET,45.1,5.56,0.0,250.756
19-04-2023 04:07:49,16-04-2023 14:30:27,4666.53,16/04/2023,14:30:27,33f124e20d62be678245a98480edbb5d51f84eb03aa50f26f11f4c6d81c0530,,,ETH-USD,SELL,MARKET,2085.8,0.119,0.0,-248.21020000000001
19-04-2023 04:07:49,16-04-2023 05:37:45,4666.53,16/04/2023,05:37:45,340d17c977011e696e58c95e2b36f08e043fdc847dc1456bf7e4dcb02ef4655,,,COMP-USD,SELL,MARKET,45.2,5.52,0.0,-249.504
19-04-2023 04:07:49,16-04-2023 14:33:21,4666.53,16/04/2023,14:33:21,346313676a563efe08d0dedfa73fe01e6dc41dbd1decae3dc406c01cd2c968c,,,FIL-USD,BUY,MARKET,6.27,39.6,0.0,248.292
19-04-2023 04:07:49,16-04-2023 23:34:25,4666.53,16/04/2023,23:34:25,7cebf93eead5923750ae4d1d381d8de3e4d82781f74638b34b964c2977c51b0,c968185a-94e,OPEN,AVAX-USD,SELL,MARKET,20.18,24.7,0.0,-498.44599999999997
19-04-2023 04:07:49,16-04-2023 14:31:13,4666.53,16/04/2023,14:31:13,3b428b991c583ba9c0f49e17aa4f6c78753489e422e8517c46c3ccb97259513,,,LTC-USD,SELL,MARKET,97.9,2.7,0.0,-264.33000000000004
19-04-2023 04:07:49,16-04-2023 14:31:39,4666.53,16/04/2023,14:31:39,3d7239d9a009f7ad65582cc8ea5aad3928dda83e8a33e20765a69f865a94410,6aeb6279-b06,OPEN,AVAX-USD,BUY,MARKET,19.1,13.1,0.0,250.21
19-04-2023 04:07:49,16-04-2023 21:33:24,4666.53,16/04/2023,21:33:24,43b81caf0c32aeebff6816bc3312b2e1a4dc0969bbc695feabed2fd92f25931,,,SNX-USD,SELL,MARKET,2.864,100.0,0.0,-286.4
19-04-2023 04:07:49,16-04-2023 05:38:12,4666.53,16/04/2023,05:38:12,4c771f8af4937ffb3848e1547b10cc151ffc822f4d787cfd81dd81a2f9ce769,,,COMP-USD,BUY,MARKET,45.5,5.52,0.0,251.15999999999997
19-04-2023 04:07:49,16-04-2023 06:24:35,4666.53,16/04/2023,06:24:35,4f04497fc71a3b6c0837e11b0e137671678f058610343a2713b1bb33e01a001,,,COMP-USD,SELL,MARKET,45.3,5.5200000000000005,0.0,-250.056
19-04-2023 04:07:49,16-04-2023 20:33:54,4666.53,16/04/2023,20:33:54,59d566e12b20464039382dcd9ee461816c3aa43dbcdb4a82010c6123ff3abfc,,,SNX-USD,BUY,MARKET,2.846,100.0,0.0,284.6
19-04-2023 04:07:49,16-04-2023 23:34:04,4666.53,16/04/2023,23:34:04,36df7ec99fa4b1b3fd9f0f15dc1f1e6deb543a6a9aeefca217cdd0d65b5a9d7,c968185a-94e,OPEN,BCH-USD,BUY,MARKET,134.8,3.7,0.0,498.76000000000005
19-04-2023 04:07:49,16-04-2023 06:25:02,4666.53,16/04/2023,06:25:02,2f58b000f3ff48fab26a5ab40a53192340dc554e2e808987eb0f37ca498fb44,,,COMP-USD,BUY,MARKET,45.6,5.52,0.0,251.712
19-04-2023 04:07:49,16-04-2023 20:07:20,4666.53,16/04/2023,20:07:20,5f8841fa39d88e8c9745c7eccc4a18b10b7eb1f43723a49d0171dc00433512f,64f98887-355,OPEN,UMA-USD,BUY,MARKET,2.13,235.8,0.0,502.254
19-04-2023 04:07:49,16-04-2023 19:38:00,4666.53,16/04/2023,19:38:00,60ed204ea71a1cd7234c3eb5954079178c654d230287090250d3ef6313ea6ea,,,UMA-USD,SELL,MARKET,2.15,232.6,0.0,-500.09
19-04-2023 04:07:49,16-04-2023 14:30:11,4666.53,16/04/2023,14:30:11,611a3c5414a45a9b10209c8f2b1611cc589bbc763d6edaf0873075dc63f16c5,,,MATIC-USD,SELL,MARKET,1.1529,200.0,0.0,-230.58
19-04-2023 04:07:49,16-04-2023 14:31:05,4666.53,16/04/2023,14:31:05,65c91002014a5d30c8902b487ba6d4ef898104f901f4949d9ecf845cd620aa8,,,UNI-USD,BUY,MARKET,6.236,42.3,0.0,263.78279999999995
19-04-2023 04:07:49,16-04-2023 23:17:56,4666.53,16/04/2023,23:17:56,695a7b2fa08ebeeb51cb0aae070f38a0682b408f0cd4d47a5601d3e5760f59a,,,FIL-USD,BUY,MARKET,6.37,78.7,0.0,501.319
19-04-2023 04:07:49,16-04-2023 20:07:41,4666.53,16/04/2023,20:07:41,6c2f367299bfddcc6eab0b2b73844b9d98b13cc8a74797aa88fbe7d45237f71,64f98887-355,OPEN,1INCH-USD,SELL,MARKET,0.571,800.0,0.0,-456.79999999999995
19-04-2023 04:07:49,16-04-2023 00:56:30,4666.53,16/04/2023,00:56:30,72e4d9f60d3dea00be39b29e953bb979bc3a54e5f5b07319d5d87e606b7e681,,,COMP-USD,SELL,MARKET,45.0,5.54,0.0,-249.3
19-04-2023 04:07:49,16-04-2023 14:31:18,4666.53,16/04/2023,14:31:18,753af7daeee11ae3a348045ef53f8846d01ebbb2e503d07ec7ed5d4729cac16,6aeb6279-b06,OPEN,LTC-USD,SELL,MARKET,97.9,2.55,0.0,-249.645
19-04-2023 04:07:49,16-04-2023 08:24:47,4666.53,16/04/2023,08:24:47,756c337f40502a6bc027612510d03d0e6e2a4706be4cc1238786e195ec2503b,c164a38f-5d6,OPEN,MATIC-USD,BUY,MARKET,1.1647,200.0,0.0,232.94000000000003
19-04-2023 04:07:49,16-04-2023 23:17:38,4666.53,16/04/2023,23:17:38,783855bd10366c7ffd54fdf67f0add97ca5a0e0c86e6c53b2d069b81bf2c7cb,,,LTC-USD,BUY,MARKET,100.8,2.55,0.0,257.03999999999996
19-04-2023 04:07:49,16-04-2023 07:22:54,4666.53,16/04/2023,07:22:54,5a5312e5e9df3be20c40578de41ca6e8baffe3e5cecbd288827857fa41e91bc,,,COMP-USD,BUY,MARKET,45.8,5.48,0.0,250.984
19-04-2023 04:07:49,16-04-2023 09:41:18,4666.53,16/04/2023,09:41:18,5d51ad690d8e3bec025048d65da96727fe8bb13358a15ff9cc28a0919141628,99fcd526-6b5,OPEN,ETH-USD,BUY,MARKET,2096.5,0.119,0.0,249.4835
19-04-2023 04:07:49,16-04-2023 00:56:03,4666.53,16/04/2023,00:56:03,7ecf9c3f07f7794d70be12731737a2f2a4a1a3a27c9ee91b351f2fe12060750,,,COMP-USD,BUY,MARKET,45.1,5.54,0.0,249.854
19-04-2023 04:07:49,16-04-2023 20:33:26,4666.53,16/04/2023,20:33:26,2722ee504028508554a208fc64ee4d679fce0f441cf7981da26cd94083747f3,,,SNX-USD,SELL,MARKET,2.836,100.0,0.0,-283.59999999999997
19-04-2023 04:07:49,16-04-2023 00:53:36,4666.53,16/04/2023,00:53:36,0bfeebb517db6987f3860bd30a7b2cc749b48da9e4f801edd6fe3cf47cb2d00,,,COMP-USD,BUY,MARKET,45.1,5.48,0.0,247.14800000000002
19-04-2023 04:07:49,16-04-2023 14:33:13,4666.53,16/04/2023,14:33:13,0e46a9a3806dcf932cb0db1be949c7fe870ee83f0cae24efbfd878aa7b75c60,,,YFI-USD,SELL,MARKET,9103.0,0.0271,0.0,-246.69129999999998
19-04-2023 04:07:49,16-04-2023 00:53:20,4666.53,16/04/2023,00:53:20,0f3dbc482f9e572012b9e876bf3e2415e309b369cdca9a1758548e81a54981b,,,AVAX-USD,SELL,MARKET,19.09,13.1,0.0,-250.07899999999998
19-04-2023 04:07:49,16-04-2023 14:30:20,4666.53,16/04/2023,14:30:20,10f0fed5a1fa75fe89ac595e91a9403bf4fa417168ef05075aa47c89320fd36,,,COMP-USD,BUY,MARKET,44.9,5.47,0.0,245.60299999999998
19-04-2023 04:07:49,16-04-2023 19:37:32,4666.53,16/04/2023,19:37:32,1327c36a4705ba01f46e50e18ef7d0fc657930fa8a58351494a7cec324a1ed2,,,UMA-USD,BUY,MARKET,2.16,232.6,0.0,502.416
19-04-2023 04:07:49,16-04-2023 09:40:56,4666.53,16/04/2023,09:40:56,13d436496f6a2017ddee95afbc9fec266cf2ad869e6c558ea1c3849761124c8,99fcd526-6b5,OPEN,AVAX-USD,SELL,MARKET,19.29,12.9,0.0,-248.841
19-04-2023 04:07:49,16-04-2023 23:18:24,4666.53,16/04/2023,23:18:24,14a0669b9d02ec56667dafa0d4528173c45d99262810853c71d386ab1b3fe8d,,,FIL-USD,SELL,MARKET,6.34,78.7,0.0,-498.958
19-04-2023 04:07:49,16-04-2023 21:33:51,4666.53,16/04/2023,21:33:51,1851f5eadee29c2cc763ff14873077a7b9249a6e04b19966fe045c3cd62c74e,,,SNX-USD,BUY,MARKET,2.87,100.0,0.0,287.0
19-04-2023 04:07:49,16-04-2023 07:22:29,4666.53,16/04/2023,07:22:29,1a9e4010b5303aa7d6ffbaa9bbc91090a32575355195036377934ae213223d2,,,COMP-USD,SELL,MARKET,45.6,5.48,0.0,-249.88800000000003
19-04-2023 04:07:49,16-04-2023 08:24:25,4666.53,16/04/2023,08:24:25,148a4a2b07ed8b0eeb805ea32d80022f4c5ed7d764131691ceef3c9c31d8870,c164a38f-5d6,OPEN,COMP-USD,SELL,MARKET,45.7,5.47,0.0,-249.979
19-04-2023 04:07:49,16-04-2023 14:30:36,4666.53,16/04/2023,14:30:36,24bdc30adca12f6e050e2507f7bbb68dec5eb20f4cfe65afcc414c3b13c6a69,,,AVAX-USD,BUY,MARKET,19.1,12.9,0.0,246.39000000000001
19-04-2023 04:07:49,16-04-2023 23:17:27,4666.53,16/04/2023,23:17:27,2688bf50d71d636473b14788d9d36ca33a07bd1af275b4d83bad9f661584d41,,,AVAX-USD,SELL,MARKET,20.28,13.1,0.0,-265.668
19-04-2023 04:07:49,17-04-2023 02:53:36,4666.53,17/04/2023,02:53:36,6035bd5cb1410ca52e392111547979bdc2f4ddb36463a746405686d50007efb,bafe21a8-af7,OPEN,DOGE-USD,BUY,MARKET,0.0896,5500.0,0.0,492.8
19-04-2023 04:07:49,17-04-2023 09:52:46,4666.53,17/04/2023,09:52:46,7abffdc42cced5090d268280d2bb506f3973b0c97d485ad5319c4acbe96a748,,,DOGE-USD,SELL,MARKET,0.0938,5500.0,0.0,-515.9
19-04-2023 04:07:49,17-04-2023 09:52:55,4666.53,17/04/2023,09:52:55,05aa3ad04e8dcb162fae961937bcbba9ae304cd71aba5d6fea94e92f27e778a,,,SNX-USD,BUY,MARKET,2.748,100.0,0.0,274.8
19-04-2023 04:07:49,17-04-2023 09:54:40,4666.53,17/04/2023,09:54:40,71d56535b10e0af9eaf96513a001ca3299d8e259a5e24e21c48dcb75ac0f050,,,DOGE-USD,BUY,MARKET,0.0944,5300.0,0.0,500.32
19-04-2023 04:07:49,17-04-2023 02:53:14,4666.53,17/04/2023,02:53:14,6de3c6a06c8a643a03a8adeb313d2abd749d9c7d236f6928922a575c34b4dfb,bafe21a8-af7,OPEN,SNX-USD,SELL,MARKET,2.831,100.0,0.0,-283.1
19-04-2023 04:07:49,17-04-2023 03:04:24,4666.53,17/04/2023,03:04:24,2abf6d74afcc128569d4698434917a087603e8185280566f3f1aa0dea1d9fda,b5298b16-2da,OPEN,ETH-USD,SELL,MARKET,2099.9,0.238,0.0,-499.7762
19-04-2023 04:07:49,17-04-2023 09:53:13,4666.53,17/04/2023,09:53:13,0ef6be08502d2e3eede9c7f0078dca3dad68b99d9d3c7630f1677c60370bafa,,,1INCH-USD,BUY,MARKET,0.564,800.0,0.0,451.19999999999993
19-04-2023 04:07:49,17-04-2023 00:38:31,4666.53,17/04/2023,00:38:31,64769d4493e5af1618182edeb8a1ee3cf3440fc4fdc146f5d9db2c9bc2f665c,fb1d1013-f19,OPEN,MATIC-USD,SELL,MARKET,1.1652,400.0,0.0,-466.08
19-04-2023 04:07:49,17-04-2023 00:38:09,4666.53,17/04/2023,00:38:09,2c596e8eaba164f4b3d93e45ff36270563e362a7040d9596eca2cda76dcd535,fb1d1013-f19,OPEN,UNI-USD,BUY,MARKET,6.189,80.8,0.0,500.0712
19-04-2023 04:07:49,17-04-2023 23:16:02,4666.53,17/04/2023,23:16:02,0f4e1bda4b867789bfd5dda8c961fbf031f63057e186bcfea02c42039416e83,29ec341d-fa0,OPEN,YFI-USD,BUY,MARKET,8998.0,0.056,0.0,503.88800000000003
19-04-2023 04:07:49,17-04-2023 12:02:23,4666.53,17/04/2023,12:02:23,37cbdf2c1cf0e7e307210ec2261555b7a82d5e2e3a6d0899cd9e0906f0c8767,77f28840-d9e,OPEN,1INCH-USD,BUY,MARKET,0.558,900.0,0.0,502.20000000000005
19-04-2023 04:07:49,17-04-2023 09:53:23,4666.53,17/04/2023,09:53:23,141c70626d3cf3e344374409dee47e23de34ed4ab1e4de1c86ca946c59ef072,,,UMA-USD,SELL,MARKET,2.11,235.8,0.0,-497.538
19-04-2023 04:07:49,17-04-2023 09:54:20,4666.53,17/04/2023,09:54:20,00ae5fecaff9821dfcb7dc5fcbee35aa74ee329011e53f9d60f7fc6ce6dc848,b655bccd-6ea,OPEN,DOGE-USD,SELL,MARKET,0.094,5300.0,0.0,-498.2
19-04-2023 04:07:49,17-04-2023 09:53:58,4666.53,17/04/2023,09:53:58,2222bdf22f5cdf0f386f9db496f020d64dc0cbfb3b35aa472a144c0b0df78cd,b655bccd-6ea,OPEN,SNX-USD,BUY,MARKET,2.748,100.0,0.0,274.8
19-04-2023 04:07:49,17-04-2023 12:02:03,4666.53,17/04/2023,12:02:03,168d99a1cc66be928c1fc854353393ebeb6c2178cca92b37b20f84d717f18e1,77f28840-d9e,OPEN,XLM-USD,SELL,MARKET,0.1046,4700.0,0.0,-491.62
19-04-2023 04:07:49,17-04-2023 13:52:52,4666.53,17/04/2023,13:52:52,24ac4d3b9282c2bdce696c1a286508b035a77dc4d1d62cc9e703db5fb33840e,6cf4dfc4-dd8,OPEN,COMP-USD,BUY,MARKET,45.1,11.16,0.0,503.31600000000003
19-04-2023 04:07:49,17-04-2023 23:16:24,4666.53,17/04/2023,23:16:24,46ebfafb2da5382195e9ff5279c0ee52eb964917c6ba28dbdbf382a85001a15,29ec341d-fa0,OPEN,UMA-USD,SELL,MARKET,2.1,238.1,0.0,-500.01
19-04-2023 04:07:49,17-04-2023 09:56:11,4666.53,17/04/2023,09:56:11,46959fe0650c3df76a290d3e47bc971f4c486e01cf07aaafcb4b5ca0cfa6f9b,,,SNX-USD,SELL,MARKET,2.739,99.0,0.0,-271.161
19-04-2023 04:07:49,17-04-2023 03:04:03,4666.53,17/04/2023,03:04:03,5aa7dbebce91ed7452268e9ef955f2577a6050d4a069d50befd0b927ab2e2de,b5298b16-2da,OPEN,FIL-USD,BUY,MARKET,6.28,80.3,0.0,504.284
19-04-2023 04:07:49,17-04-2023 13:53:13,4666.53,17/04/2023,13:53:13,21a66ff09fa61051bdffbca186acfd7e311de6947e6fcaa6b8a7c0e7e04d478,6cf4dfc4-dd8,OPEN,LTC-USD,SELL,MARKET,99.1,5.05,0.0,-500.4549999999999
19-04-2023 04:07:49,18-04-2023 12:52:36,4666.53,18/04/2023,12:52:36,280844f1cb0e19afc24b0aa8993644be83e85d4728f7fd8f183caf3a708b141,,,MATIC-USD,BUY,MARKET,1.1788,400.0,0.0,471.52000000000004
19-04-2023 04:07:49,18-04-2023 11:41:53,4666.53,18/04/2023,11:41:53,7b166cd38edc21baa66d5416d1b995d22c515119d57e04daa8b0e2b4f96965f,,,SNX-USD,SELL,MARKET,2.962,1.0,0.0,-2.962
19-04-2023 04:07:49,18-04-2023 17:58:24,4666.53,18/04/2023,17:58:24,058d0d7133b59b5c4e65c14ee8185d65a9a5321c64a69ed282288374acd7b39,,,ZRX-USD,SELL,MARKET,0.299,1600.0,0.0,-478.4
19-04-2023 04:07:49,18-04-2023 17:56:57,4666.53,18/04/2023,17:56:57,75f0036f302868354a97f9d4687f505e96af2f0ba8c67697f2911ff239dbf5e,,,ZRX-USD,SELL,MARKET,0.298,1600.0,0.0,-476.79999999999995
19-04-2023 04:07:49,18-04-2023 12:52:45,4666.53,18/04/2023,12:52:45,423778dc5eb30c6ed227cc55731ad109c23204c0aa074654e8c9465289795ae,,,UNI-USD,SELL,MARKET,6.292,80.8,0.0,-508.3936
19-04-2023 04:07:49,18-04-2023 12:53:36,4666.53,18/04/2023,12:53:36,0682ec9d02092b868411bf6c3928864a63b1b5fbeae86959b43bfcc75ab3a57,ce8f0a40-422,OPEN,SNX-USD,SELL,MARKET,2.952,100.0,0.0,-295.2
19-04-2023 04:07:49,18-04-2023 13:24:00,4666.53,18/04/2023,13:24:00,09f82c45ccfd35282581041ac394422952523c374431e92688514ae57cb6828,248fc847-bb3,OPEN,MATIC-USD,BUY,MARKET,1.1748,400.0,0.0,469.92
19-04-2023 04:07:49,18-04-2023 11:41:30,4666.53,18/04/2023,11:41:30,2aacbdf66a6d548091a10302c4a30bfaa1c4d046a3a706eb9ddd3b03729f8c6,,,1INCH-USD,SELL,MARKET,0.576,900.0,0.0,-518.4
19-04-2023 04:07:49,18-04-2023 13:20:08,4666.53,18/04/2023,13:20:08,6ccca9eb42a972293e98933075d0aaf9f6f9e54f6b04214ad3ba88b1427be54,,,SNX-USD,BUY,MARKET,2.98,99.0,0.0,295.02
19-04-2023 04:07:49,18-04-2023 13:23:39,4666.53,18/04/2023,13:23:39,4620764bfd7172eb171fd1cd4c863e2567e131c544c2d7d355ecc04c4fb057b,248fc847-bb3,OPEN,UNI-USD,SELL,MARKET,6.297,79.2,0.0,-498.7224
19-04-2023 04:07:49,18-04-2023 15:43:39,4666.53,18/04/2023,15:43:39,68d6c075bfa6fd58d5f9b7d54fb7d39b88c80226977212633123688520ef741,458ba499-a21,OPEN,ZRX-USD,BUY,MARKET,0.296,1600.0,0.0,473.59999999999997
19-04-2023 04:07:49,18-04-2023 15:44:00,4666.53,18/04/2023,15:44:00,5199e19220c60a2e17e7de34aff42b1e9381a8a3b695e4011bce5048c50158b,458ba499-a21,OPEN,DOGE-USD,SELL,MARKET,0.0942,5200.0,0.0,-489.84000000000003
19-04-2023 04:07:49,18-04-2023 12:53:57,4666.53,18/04/2023,12:53:57,270962bdba758c4fde19e70309c18db6e49d81d12f4b773f354024213bde9e9,ce8f0a40-422,OPEN,DOGE-USD,BUY,MARKET,0.0935,5300.0,0.0,495.55
19-04-2023 04:07:49,18-04-2023 11:41:40,4666.53,18/04/2023,11:41:40,322d4fd311b6b4d6a87cf4e69e74081ba051189444c054fb8c5af39cc303c7c,,,XLM-USD,BUY,MARKET,0.1058,4700.0,0.0,497.26000000000005
19-04-2023 04:07:49,18-04-2023 17:58:45,4666.53,18/04/2023,17:58:45,262c3b93368b50d6c2c1407747dcdfa2887c4ca62338d4c2e022eaea88a7d39,,,DOGE-USD,BUY,MARKET,0.0921,5400.0,0.0,497.34000000000003
19-04-2023 04:07:49,18-04-2023 13:19:53,4666.53,18/04/2023,13:19:53,43dada81d960a218b37a13c5a2d45e1c406102db5cd6179662769537286325c,,,DOGE-USD,SELL,MARKET,0.0932,5300.0,0.0,-493.96000000000004
19-04-2023 04:07:49,18-04-2023 17:56:59,4666.53,18/04/2023,17:56:59,23cc426e1251eeaf366c315dc5ea9bcc99944b165b893dad6d61f5e8d36c550,,,DOGE-USD,BUY,MARKET,0.0921,5200.0,0.0,478.92
